BlockId,Replicate,mqcClass,mqcConfidence,MedianExcess,NumExcess,ExcessHSA,ExcessCRX,LS3x3,Beta,Gamma,DBSumPos,DBSumNeg
1,1,Good,0.760806,28.41103,57.0,-115.68255,146257.137,-6.97958,1.0375,0.96094,3.18694,-0.41718
2,1,Good,0.943451,36.36057,34.0,92.39724,98506.25958,-3.68359,0.92539,0.92114,6.03558,-0.86151
3,1,Good,0.975702,48.19935,65.0,-330.32212,74913.63114,-35.51684,0.51074,0.50254,2.34797,-2.58243
4,1,Good,0.943451,59.0895,46.0,-165.99638,142545.1066,-11.35433,0.95625,0.90574,3.34954,-1.3225
5,1,Good,0.919891,32.45931,72.0,-286.86813,75004.08095,-12.44098,0.87444,0.81035,0.53997,-1.21492
6,1,Good,0.857509,23.9155,19.0,77.97591,111750.89499,-5.83289,0.99878,0.95342,3.96486,-0.43895
7,1,Good,0.983232,94.58939,21.0,579.12633,103493.93527,-1.66287,1.11768,1.10796,8.16893,-0.55819
8,1,Good,0.781914,60.54381,36.0,-117.58304,111283.62513,-7.79188,0.95215,0.9376,1.81197,-1.44726
9,1,Good,0.973101,63.33634,24.0,256.86945,134927.41098,-1.82053,1.03897,1.01929,6.85362,-0.62901
10,1,Good,0.911169,45.36695,61.0,-298.34786,112915.97205,-9.831,0.98867,0.9419,2.6569,-1.74925
11,1,Good,0.93258,48.22716,79.0,-858.64298,73730.35975,-21.81123,0.84839,0.65537,0.38943,-3.15064
12,1,Bad,0.709755,23.33529,77.0,-361.4131,30121.89313,-6.48142,0.59258,0.36641,0.31429,-0.97436
13,1,Good,0.908855,56.8702,62.0,-345.58317,48578.39311,-15.66949,0.77041,0.69756,1.02689,-2.49842
14,1,Good,0.904256,29.54788,68.0,-270.19985,46545.46798,-18.69093,0.92217,0.70186,0.83043,-0.67918
15,1,Good,0.979695,43.59993,60.0,-169.64372,70024.53397,-19.31007,0.96758,0.88193,1.90234,-1.00414
16,1,Good,0.856788,56.43386,58.0,-439.32843,89309.14358,-18.92159,0.9377,0.81343,2.01919,-1.78286
17,1,Good,0.925456,24.58483,37.0,48.76241,58997.63263,-5.32206,1.35508,0.98452,6.71889,-0.10948
18,1,Good,0.970576,64.72783,34.0,87.76239,88991.94091,-6.9074,1.13833,0.9898,6.51356,-0.55408
19,1,Good,0.760806,65.64013,32.0,-189.23457,91816.20274,-20.58375,0.93823,0.86138,3.51739,-1.748
20,1,Good,0.880722,37.77433,23.0,316.83603,65983.66084,-1.38298,1.18428,1.10142,7.77739,-0.11535
21,1,Good,0.871821,47.70689,11.0,437.28557,94327.65334,-3.68255,1.07817,1.05818,7.06411,-0.19982
22,1,Good,0.982472,91.34423,47.0,71.98369,116740.11657,-6.35672,1.08047,1.06521,3.20869,-1.69406
23,1,Good,0.868839,25.18871,38.0,-20.55763,84812.58566,-8.75513,1.3832,1.02749,6.897,-0.04142
24,1,Good,0.956959,90.49022,32.0,199.29793,98058.55569,-2.61334,1.18125,1.08189,6.4311,-0.86232
25,1,Good,0.973185,24.94554,48.0,-155.62035,80945.85036,-7.66135,1.02686,0.90361,4.48535,-1.10598
26,1,Good,0.974684,71.68344,70.0,-894.50253,115795.75139,-19.81082,0.76934,0.72964,0.68954,-6.85458
27,1,Good,0.939709,29.0977,43.0,-186.33483,67106.02022,-5.39528,0.93369,0.85195,5.13956,-1.93125
28,1,Good,0.915533,70.12946,66.0,-802.58999,119031.27337,-17.13315,0.82319,0.77876,0.84776,-5.93791
29,1,Bad,0.640101,46.44479,24.0,231.20606,163434.88345,-4.02233,1.17998,1.04854,8.50983,-0.55995
30,1,Good,0.961485,56.50437,50.0,-257.0074,153122.25337,-19.36601,0.99329,0.89124,3.67906,-1.70624
31,1,Good,0.930419,75.49164,69.0,-769.77727,110341.97427,-30.66989,0.80811,0.77402,0.37291,-5.74636
32,1,Good,0.933625,46.47701,62.0,-379.15095,115164.15501,-15.80773,0.97949,0.83999,3.97723,-1.43511
33,1,Good,0.989674,44.00831,57.0,-209.08374,70543.81832,-8.32378,0.90283,0.88579,1.19951,-2.34488
34,1,Good,0.973645,38.36904,49.0,-171.43759,82912.0057,-8.10325,1.18955,0.93091,6.56729,-0.15967
35,1,Good,0.833347,47.71111,54.0,-345.41965,109011.37631,-15.18717,0.93535,0.87295,3.28261,-2.41998
36,1,Good,0.921676,47.95295,54.0,-312.29852,112880.09167,-13.55992,0.94077,0.87388,3.58447,-2.14113
37,1,Good,0.954913,67.93446,62.0,-491.10949,84729.35639,-26.23547,0.8333,0.78516,1.50224,-2.77322
38,1,Good,0.964286,73.08129,74.0,-875.42177,111783.9945,-21.86568,0.84131,0.77422,0.23053,-5.38149
39,1,Good,0.961485,50.06106,75.0,-683.26226,92162.00459,-13.90859,0.87617,0.78779,1.37766,-2.4924
40,1,Good,0.923384,66.44781,74.0,-696.86234,103090.31049,-16.23354,0.92158,0.81641,0.5624,-2.78368
41,1,Good,0.825549,41.73428,59.0,-69.45446,120304.04042,-7.62447,1.05938,0.97852,2.91581,-0.5495
42,1,Good,0.806197,82.02908,16.0,603.90551,68685.62917,-0.13123,1.09092,1.11201,9.98104,-0.23466
43,1,Good,0.882411,93.80469,32.0,103.21421,110961.3034,-1.05555,1.00723,0.97139,4.35901,-0.97386
44,1,Good,0.742875,75.27986,45.0,-149.09436,74688.90591,-4.19266,0.96167,0.91628,2.11752,-1.48818
45,1,Good,0.919891,91.30859,16.0,606.20346,88712.1645,-2.6443,1.20469,1.20137,10.33246,-0.42433
46,1,Good,0.875048,71.00337,58.0,-215.30926,56869.50487,-5.6453,0.92324,0.88438,0.88051,-1.89269
47,1,Good,0.836312,28.18583,80.0,-456.79221,53296.53945,-10.18687,0.8596,0.71001,0.14467,-1.08079
48,1,Good,0.833299,55.91197,24.0,120.24382,66868.86705,-9.11815,1.04648,0.93496,7.12011,-1.02247
49,1,Good,0.90559,71.74134,29.0,292.18926,67475.10904,-4.86809,0.96899,0.96553,7.02014,-1.23693
50,1,Good,0.751011,52.08039,36.0,6.06425,76020.4339,-6.6783,1.02891,1.00981,3.42054,-0.88053
51,1,Good,0.917332,70.11541,11.0,415.50505,79166.98442,0.0,1.05947,1.05547,7.06118,-0.40372
52,1,Good,0.806197,81.1316,56.0,-330.57254,93584.25163,-12.01742,0.92034,0.91033,0.6672,-3.01955
53,1,Medium,0.80986,71.00143,29.0,21.97139,78398.73141,-6.78284,0.98247,0.95645,3.7151,-1.43929
54,1,Good,0.890352,97.15566,58.0,-542.80883,97533.06192,-17.26743,0.78418,0.78389,0.29994,-5.66847
55,1,Good,0.998012,60.43334,26.0,839.09294,247574.56911,-8.73363,1.06563,1.07031,13.59527,-1.61783
56,1,Good,0.99362,55.5372,61.0,-705.93038,190887.16372,-19.12316,0.90706,0.88403,0.94656,-5.96536
57,1,Good,0.970576,63.68704,43.0,-389.30639,181081.5248,-17.89505,0.91411,0.87065,2.41587,-3.22883
58,1,Good,0.998012,62.83191,40.0,24.19455,121706.64577,-3.72327,1.03369,1.01514,2.80453,-1.54745
59,1,Good,0.978802,48.7028,65.0,-486.47224,127881.69036,-22.88655,1.05698,0.8583,3.56479,-1.20092
60,1,Good,0.943451,45.12752,41.0,-108.91128,175178.07577,-14.61912,1.01777,0.96965,6.62475,-2.48604
61,1,Good,0.754821,18.82394,50.0,-24.24435,96236.0872,-7.36566,0.95215,0.92607,2.48212,-0.80347
62,1,Good,0.908855,82.59052,24.0,58.04542,64376.22137,-14.64067,0.76831,0.77051,3.78678,-1.45803
63,1,Good,0.982097,13.36587,74.0,-251.39842,53077.39329,-11.88328,0.83223,0.7856,0.47843,-1.14881
64,1,Good,0.943451,35.0967,58.0,-233.16779,100319.2141,-10.28775,0.89824,0.85901,1.00494,-1.44896
65,1,Good,0.932814,24.80478,38.0,-80.41827,68988.4437,-10.5494,1.02505,0.83477,1.67992,-0.26786
66,1,Good,0.932814,72.12993,35.0,-3.48157,68370.33747,-5.63238,0.96216,0.92114,2.29187,-1.01191
67,1,Good,0.766989,88.52666,41.0,-89.73412,72539.17855,-11.51683,0.91006,0.87671,2.19763,-1.88705
68,1,Good,0.982097,76.17835,32.0,169.17166,76879.71175,-9.04607,0.94082,0.88037,5.43591,-0.89959
69,1,Good,0.833348,43.16379,58.0,-55.10531,64505.55484,-5.17275,1.08196,1.03301,2.50824,-0.7665
70,1,Good,0.833348,37.65315,81.0,-728.99182,43445.0494,-16.2172,0.56016,0.40176,0.06779,-3.72718
71,1,Good,0.919891,8.83484,68.0,-166.74475,18087.08876,-4.363,0.49414,0.36602,0.55929,-0.45806
72,1,Good,0.833348,60.84478,72.0,-175.3701,50044.19969,-4.87685,1.09819,0.99485,1.12486,-1.06571
73,1,Good,0.943451,14.29299,47.0,-182.19723,29467.01941,-9.73188,0.55752,0.49512,0.7992,-1.2615
74,1,Good,0.833348,36.8985,47.0,-101.50956,49604.74159,-12.50232,0.90527,0.85064,1.12548,-0.71429
75,1,Good,0.979358,37.70648,22.0,136.89845,37788.16918,-3.48282,1.14893,0.95215,4.5132,-0.10775
76,1,Good,0.982874,42.85782,54.0,-156.98059,55525.87991,-6.66598,0.92607,0.8543,1.47306,-0.96332
77,1,Good,0.861812,54.65617,65.0,-256.15408,66901.03569,-9.05996,0.94214,0.86372,0.50034,-1.12206
78,1,Good,0.865023,91.71949,37.0,41.9875,65602.6603,-11.94379,0.89023,0.86406,3.82555,-1.64627
79,1,Good,0.982097,96.90086,67.0,-348.49273,79179.46019,-10.37537,0.88853,0.87451,0.29313,-3.41582
80,1,Good,0.975007,29.24022,51.0,10.83376,46869.70366,-5.5756,1.39014,1.13574,3.35679,-0.06574
81,1,Good,0.97823,63.87398,72.0,-393.16264,75178.09031,-12.33424,0.99981,0.9384,0.83618,-2.60672
82,1,Good,0.825781,38.65003,60.0,73.61831,67400.37397,-4.25208,1.44199,1.20801,4.40858,-0.22118
83,1,Good,0.982874,99.23634,60.0,-136.7554,81163.73827,-5.43319,1.02935,1.01428,1.25613,-2.12755
84,1,Good,0.975423,48.53017,62.0,-117.54801,55838.6457,-7.27415,1.31494,1.09497,3.8074,-0.72186
85,1,Good,0.929291,88.78511,47.0,-218.05214,74879.49876,-12.4466,0.85918,0.85098,0.9384,-2.72011
86,1,Good,0.904256,28.11861,56.0,-117.05748,172248.13298,-11.98224,0.97231,0.90781,3.31316,-1.22039
87,1,Good,0.919891,38.94553,69.0,-486.13331,116826.20226,-26.52856,0.69033,0.63652,0.79071,-2.55217
88,1,Good,0.975007,20.26839,53.0,-99.33797,91847.62072,-4.4813,1.07891,0.95757,3.1602,-0.56483
89,1,Good,0.870249,55.02806,53.0,-256.59317,159276.85712,-14.94477,1.00596,0.87151,1.78851,-0.99432
90,1,Good,0.950937,72.69686,21.0,590.31793,108378.75461,-2.81821,1.12334,1.09111,8.30131,-0.71711
91,1,Good,0.925014,81.34433,71.0,-429.02826,113551.37984,-21.21038,0.86685,0.84136,0.28306,-3.46021
92,1,Good,0.965799,37.37219,72.0,-465.80848,125698.5205,-15.52552,0.80137,0.71123,0.97208,-2.0466
93,1,Good,0.875048,64.59867,39.0,-138.87164,104898.66467,-8.68721,0.97437,0.91646,3.86727,-1.93683
94,1,Good,0.833348,35.95687,70.0,-472.15983,70494.60465,-12.98796,0.98906,0.74443,0.95499,-0.93843
95,1,Good,0.886159,16.35038,40.0,-66.08243,36283.91158,-7.10528,1.07344,0.67969,1.71809,-0.09587
96,1,Good,0.943451,52.36961,73.0,-342.02375,64976.87201,-14.35443,0.97207,0.83652,0.56334,-1.51496
97,1,Good,0.904256,39.05316,28.0,-49.99271,59833.53683,-7.94717,0.96372,0.81865,1.92674,-0.27474
98,1,Good,0.886159,44.39005,53.0,-455.49526,89241.84853,-26.75488,0.66455,0.63604,0.3726,-3.5355
99,1,Good,0.950937,31.8643,58.0,-306.12333,72726.69428,-19.33185,0.78223,0.65664,2.29244,-1.30868
100,1,Good,0.975007,43.87828,70.0,-525.29491,94754.24725,-14.70652,0.83433,0.73125,0.50068,-2.11004
101,1,Good,0.963691,55.94735,67.0,-413.97004,101611.64477,-17.50968,0.8605,0.7585,1.28199,-1.98966
102,1,Good,0.846534,49.70655,66.0,-270.87084,90099.13161,-12.24856,1.0699,0.9041,1.43652,-0.49352
103,1,Good,0.95673,92.19877,45.0,-18.43236,113218.23932,-4.86886,0.97012,0.96382,1.77059,-1.8121
104,1,Good,0.971156,31.09728,65.0,-236.2989,76967.70568,-8.24962,1.27852,0.81177,3.45466,-0.12091
105,1,Good,0.963691,58.4296,65.0,-155.08597,100555.06197,-9.8746,1.07358,0.96621,2.63515,-1.29954
106,1,Good,0.842776,35.2915,71.0,-313.86778,111419.14857,-8.2726,1.23496,0.8644,3.48805,-0.29374
107,1,Good,0.969369,100.02544,33.0,314.06286,103149.62505,-4.48,1.23311,1.18145,5.22651,-1.02985
108,1,Good,0.971156,39.42381,47.0,-61.42082,77480.95597,-4.30397,1.47783,0.97661,6.09,-0.09569
109,1,Good,0.915526,74.16424,53.0,-309.52869,113826.17736,-13.51147,0.85059,0.83267,0.8464,-2.88571
110,1,Good,0.83886,26.12018,42.0,211.20666,103307.62193,-3.35956,1.02617,0.99922,5.5683,-0.59508
111,1,Good,0.927418,79.59714,50.0,-476.38183,163674.94517,-29.78401,0.83301,0.80908,4.52805,-4.45241
112,1,Good,0.936957,63.53342,30.0,77.70932,99707.90151,-5.88023,0.94453,0.91836,7.05748,-1.73242
113,1,Good,0.891157,35.29101,74.0,-343.36754,84188.05556,-12.65243,0.9167,0.86856,1.55697,-1.71893
114,1,Good,0.950665,62.24895,34.0,565.30977,170880.75057,-5.64353,1.02607,1.02559,11.27444,-2.24186
115,1,Good,0.929291,26.48452,42.0,205.25424,60671.07554,-1.38176,1.18965,1.14834,4.33491,-0.21451
116,1,Good,0.953833,23.37259,44.0,229.91202,95099.63478,-2.81429,1.17637,1.1187,6.17765,-0.34836
117,1,Good,0.973412,64.87459,32.0,583.62561,114914.38234,-15.51828,1.04585,1.03843,10.3913,-2.20761
118,1,Good,0.86139,31.41817,18.0,575.55162,108499.60849,-0.0379,1.0749,1.06709,8.5415,-0.48412
119,1,Good,0.983707,38.51453,42.0,220.00368,120157.7242,-3.39032,1.04844,1.01758,8.24537,-1.31357
120,1,Good,0.982472,21.25075,11.0,1134.20486,93828.69991,2.16171,1.33232,1.23213,17.45172,-0.12354
121,1,Good,0.982097,28.93573,36.0,174.86271,59449.59982,-3.89832,1.2501,1.08315,7.81855,-0.47175
122,1,Good,0.97423,55.50279,49.0,-62.17038,21277.52284,-1.59096,1.03398,0.79004,1.34215,-0.31222
123,1,Good,0.97423,57.64688,20.0,80.12712,69540.48098,-0.25942,1.07085,1.02329,3.34514,-0.41401
124,1,Good,0.801211,47.20352,52.0,120.71365,58397.28632,-4.84682,1.27041,1.17129,6.736,-1.31837
125,1,Good,0.887637,37.36553,40.0,226.63803,82945.30325,-3.93028,1.004,1.00054,5.72408,-1.13097
126,1,Good,0.973046,49.11046,29.0,372.96651,110912.90766,-8.20051,1.02539,1.00425,8.56843,-1.65439
127,1,Good,0.906885,58.01882,32.0,564.12638,78279.49052,-5.76739,1.1583,1.10645,12.94605,-0.82749
128,1,Good,0.982422,61.59872,29.0,815.59413,98332.38642,-7.83839,1.08477,1.08672,14.84162,-1.73746
129,1,Good,0.989277,54.77734,29.0,527.34364,114877.36096,-8.67168,1.05776,1.03272,11.53822,-1.79516
130,1,Good,0.970774,42.16649,30.0,481.1541,83206.73681,-3.89922,1.14443,1.10469,9.8605,-0.76737
131,1,Good,0.809696,30.06399,35.0,364.00055,110138.096,-3.23514,1.08037,1.05962,8.21766,-1.10079
132,1,Good,0.989753,72.19229,25.0,196.60404,123995.24394,-9.50376,1.00757,0.99736,4.53852,-1.86968
133,1,Good,0.95178,30.60679,46.0,87.40247,66456.87101,-4.37182,1.3041,1.05781,9.66375,-0.67467
134,1,Good,0.989618,60.54947,37.0,108.38533,99912.54485,-8.38432,1.09771,1.01987,8.91019,-1.37549
135,1,Good,0.854866,29.03583,29.0,235.03092,92228.28087,-4.56061,1.31484,1.07422,11.23936,-0.37596
136,1,Good,0.887317,65.95873,51.0,-308.46313,118199.45279,-10.28192,0.9781,0.94548,2.25124,-2.53884
137,1,Good,0.811526,66.8006,22.0,640.82948,63176.02824,-6.3726,1.23486,1.16104,14.2962,-0.80164
138,1,Good,0.943121,83.79379,31.0,171.03637,123943.68327,-5.88974,1.00398,1.00498,4.62128,-2.19948
139,1,Good,0.961485,46.30243,30.0,791.84956,174835.31577,-11.65506,1.06543,1.04863,12.00664,-1.65535
140,1,Good,0.806197,62.41246,71.0,-449.60131,95138.15568,-15.49999,0.99678,0.89238,3.35695,-2.95106
141,1,Good,0.998195,86.62288,31.0,383.50938,79316.76447,-3.44172,1.05469,1.04243,6.90914,-1.20688
142,1,Good,0.997616,38.20914,32.0,216.3676,173316.56341,-7.79108,1.0959,1.04766,6.85913,-0.58596
143,1,Good,0.976352,56.31484,33.0,158.10961,119041.44653,-13.36541,1.06738,1.04199,4.69343,-1.05535
144,1,Good,0.936701,73.63957,60.0,-574.03632,130419.14358,-19.36259,0.98599,0.93345,1.66501,-4.26247
145,1,Good,0.958602,73.80499,48.0,-370.60551,89630.65576,-23.36568,0.92578,0.9,2.45084,-4.08695
146,1,Good,0.950937,80.97934,32.0,-69.93963,31751.40716,-9.9052,1.11162,1.00347,1.71582,-1.05826
147,1,Good,0.883632,64.79415,23.0,-330.16723,73436.44543,-26.92143,0.86675,0.8604,0.58709,-3.57248
148,1,Good,0.961485,87.49264,22.0,413.96723,11296.00433,-4.73286,1.03398,0.94844,7.61874,-2.12237
149,1,Good,0.976759,51.89773,39.0,-386.45282,88746.00622,-17.69841,0.93691,0.90696,0.98098,-3.1324
150,1,Good,0.982422,80.70729,58.0,-423.31544,53824.825,-29.42155,0.91504,0.80396,1.65167,-3.44267
151,1,Good,0.981496,58.41522,33.0,-59.70349,99288.17365,-19.0633,1.0085,0.97437,4.89021,-2.43071
152,1,Bad,0.723481,60.31957,44.0,-212.26023,101713.7559,-19.91582,0.85396,0.8376,7.28439,-7.33526
153,1,Bad,0.594966,29.8774,17.0,1228.73238,69475.20198,-2.58831,1.10596,1.1043,13.67488,-0.56138
154,1,Good,0.782097,48.23067,21.0,181.00132,131919.23334,-10.96326,1.02498,1.01746,3.86913,-1.4628
155,1,Bad,0.997865,66.06239,24.0,529.83672,58777.56499,-4.41283,1.26699,1.16787,9.33879,-0.9917
156,1,Good,0.997605,49.02589,27.0,1619.23624,53646.63008,-9.31872,1.14668,1.05459,20.5012,-1.01245
157,1,Good,0.943121,59.94192,44.0,-477.1846,121762.76016,-30.81243,0.94941,0.89971,4.53877,-5.88255
158,1,Good,0.997605,58.20658,27.0,361.76086,62794.30409,-4.2113,1.15342,1.08174,8.45645,-1.00844
159,1,Good,0.876228,58.10251,48.0,-559.41486,133775.2592,-22.76312,0.93652,0.9186,0.87149,-5.06422
160,1,Good,0.998149,68.11596,28.0,48.81141,164373.94565,-10.98731,0.93687,0.92773,5.9305,-3.46636
161,1,Good,0.979803,70.32325,54.0,-249.6175,70806.16332,-14.56567,0.96118,0.88652,2.87158,-1.94955
162,1,Good,0.932104,55.10003,45.0,-253.18074,114656.82909,-17.21573,0.99922,0.96694,3.11569,-2.89308
163,1,Bad,0.72514,64.08284,48.0,-180.1404,207879.71687,-23.88715,0.9252,0.90059,5.61448,-3.13659
164,1,Good,0.816479,73.54878,57.0,199.54046,87308.13642,-20.70856,0.89492,0.86494,8.25872,-3.42715
165,1,Good,0.993914,52.47575,45.0,-87.48632,81450.69936,-9.26859,0.98286,0.95706,1.84571,-1.28826
166,1,Good,0.95552,51.99476,56.0,-445.03969,103476.1208,-20.34542,0.85459,0.79326,4.08506,-2.84808
167,1,Good,0.966389,55.86578,45.0,-250.16324,124021.5858,-18.12942,1.00337,0.95225,2.47574,-1.79961
168,1,Good,0.98215,65.28044,25.0,639.03409,137982.53859,-2.03001,1.1418,1.06016,13.32484,-1.46042
169,1,Good,0.945486,47.83774,58.0,-233.3221,91682.5306,-14.33692,0.97031,0.88106,4.69598,-1.44244
170,1,Good,0.998195,89.04648,29.0,58.73002,69020.07792,-0.8726,0.90737,0.88223,4.33184,-1.37619
171,1,Good,0.993221,55.79347,35.0,-29.5718,147050.58511,-10.84581,1.0417,0.98247,6.50429,-1.35953
172,1,Good,0.978284,44.63604,44.0,-145.9754,98229.26195,-13.56952,0.98955,0.95205,3.62275,-2.15256
173,1,Good,0.971063,55.96502,60.0,-463.7707,120366.72953,-21.99169,0.91318,0.88215,1.86084,-3.03935
174,1,Good,0.950937,61.13291,45.0,-309.3916,70559.41773,-19.89463,0.91516,0.88984,0.35167,-2.29476
175,1,Good,0.961485,49.71962,60.0,-241.90507,62937.06022,-11.09184,0.96333,0.89009,1.49072,-1.07241
176,1,Good,0.998195,61.33593,56.0,-317.51668,91773.7377,-19.24704,0.97256,0.9439,1.15492,-2.18322
177,1,Good,0.998012,49.28618,69.0,-742.16749,83432.43415,-19.20364,0.95259,0.79399,2.65089,-2.18307
178,1,Good,0.997634,53.50592,47.0,-428.70285,109220.89587,-17.27485,0.94531,0.90278,4.32519,-3.95826
179,1,Good,0.997616,49.42772,52.0,-331.01821,114410.48904,-14.10041,0.9957,0.93518,4.47521,-2.46704
180,1,Good,0.98703,36.34775,39.0,210.48843,101266.40592,-7.93259,1.1063,1.05713,6.69151,-0.53864
181,1,Good,0.998195,62.24283,67.0,-793.20575,116083.88775,-21.58294,0.87422,0.85383,0.28881,-6.20507
182,1,Good,0.98703,65.36426,66.0,-702.7793,100694.68015,-17.9439,0.89038,0.85156,2.73364,-5.1321
183,1,Good,0.889147,54.35176,66.0,-610.41005,115108.01707,-15.20244,0.92036,0.89736,0.91387,-4.6563
184,1,Good,0.992201,26.40403,54.0,-65.12226,94224.22464,-8.23256,1.0208,0.9167,7.08582,-1.3839
185,1,Good,0.943451,25.38513,49.0,-119.04783,62128.63921,-9.45461,1.14883,0.88442,6.53354,-0.39326
186,1,Good,0.986205,32.18677,77.0,-656.27844,46396.71449,-19.25716,0.80972,0.64204,0.19306,-2.87653
187,1,Good,0.943753,50.31513,56.0,-186.40744,89870.13569,-9.03973,1.11963,0.93992,4.98324,-1.05274
188,1,Good,0.956959,56.60498,62.0,-355.21458,50872.81243,-15.84507,0.95859,0.85781,1.12101,-1.60704
189,1,Good,0.987367,26.0181,37.0,79.58613,66567.25828,-7.88927,1.17998,0.97671,6.81336,-0.16181
190,1,Good,0.919891,36.37043,64.0,-287.7287,52943.45502,-11.78018,1.0543,0.90645,3.88948,-1.01008
191,1,Good,0.796261,70.83673,49.0,-261.82141,35648.91732,-11.52699,1.00386,0.8918,0.91646,-1.95148
192,1,Good,0.911169,40.31841,80.0,-972.90141,35389.24808,-29.4672,0.23359,0.12637,0.09516,-4.4373
193,1,Good,0.721042,47.37124,61.0,-363.98781,46811.76669,-19.17259,0.86797,0.76436,1.27749,-1.79569
194,1,Good,0.96542,43.20422,79.0,-1019.15667,44708.02483,-23.4147,0.52109,0.37031,1.75743,-3.78571
195,1,Good,0.969136,37.38042,69.0,-502.35562,57329.87237,-15.29281,0.94932,0.79092,3.84729,-1.6766
196,1,Good,0.997607,42.69506,70.0,-545.01344,58359.52505,-16.90666,0.90449,0.74893,2.68372,-1.43939
197,1,Good,0.886988,50.44445,51.0,-253.07378,55061.64635,-19.19211,0.8978,0.80737,4.01931,-1.8762
198,1,Good,0.992063,86.47982,70.0,-433.98568,60552.36767,-12.23441,0.83442,0.83442,0.27861,-4.61847
199,1,Good,0.856159,59.38422,58.0,-196.905,56690.03173,-6.18409,1.03501,0.94365,3.15019,-1.49304
200,1,Good,0.869926,82.60804,54.0,-305.47841,57847.9703,-9.41389,0.91099,0.87773,0.91306,-3.19126
201,1,Good,0.819772,28.18818,61.0,-31.27524,35594.69697,-1.83853,1.40254,1.13809,2.21559,-0.47259
202,1,Good,0.833348,89.21761,35.0,38.62459,35272.98476,-8.67893,0.66992,0.6624,4.64943,-1.19792
203,1,Good,0.930958,17.3518,80.0,-363.03785,28002.45881,-13.02881,0.59688,0.32559,0.40441,-0.72834
204,1,Good,0.90976,50.94247,67.0,-212.98337,31910.59203,-8.8959,1.01602,0.73779,0.8137,-1.19762
205,1,Good,0.936794,60.39769,21.0,-7.00712,14534.98949,-2.15911,0.94297,0.70156,1.3488,-0.38404
206,1,Good,0.809285,94.57157,22.0,-75.28089,22063.98504,-8.43124,0.48154,0.44697,2.07846,-1.84398
207,1,Good,0.945486,98.1284,12.0,291.6636,24595.98714,-5.09821,0.87109,0.78906,5.22545,-0.55249
208,1,Good,0.833348,49.709,38.0,-162.68043,17689.85043,-10.79793,0.84565,0.53682,0.6999,-0.59044
209,1,Good,0.93258,28.6571,77.0,-444.55389,17299.77687,-13.59263,0.10098,0.03516,0.14888,-1.37137
210,1,Good,0.845143,49.57413,51.0,-69.3077,8403.1914,-3.84034,0.9335,0.67871,0.22069,-0.29298
211,1,Good,0.858956,6.78023,48.0,-89.67606,12405.93254,-2.47505,0.82861,0.52783,0.70286,-0.15403
212,1,Good,0.861812,65.42143,65.0,-160.00608,17430.1507,-4.18305,0.89893,0.69473,0.4255,-0.55224
213,1,Good,0.940565,39.3145,54.0,-78.09772,26951.62236,-4.72382,1.68184,0.82695,3.54686,-0.17527
214,1,Good,0.932814,59.31194,76.0,-371.62372,25019.09494,-6.81829,1.02285,0.74727,0.91874,-2.10511
215,1,Good,0.897215,59.59594,76.0,-386.14372,26533.92181,-14.89567,1.00186,0.67168,0.91826,-2.26835
216,1,Good,0.832401,99.96034,37.0,125.13845,20775.29943,-3.6634,0.8626,0.85313,4.42764,-1.31509
217,1,Good,0.858956,90.9985,44.0,-54.32901,13266.02913,-3.70255,0.98232,0.85186,0.6538,-0.78011
218,1,Good,0.932814,30.6595,58.0,-248.01994,21901.87034,-12.65443,1.0169,0.45215,0.80834,-0.39411
219,1,Good,0.97823,48.64581,51.0,-152.58707,16314.10632,-4.91912,0.89766,0.56191,0.57102,-0.61419
220,1,Medium,0.833375,33.63714,50.0,-147.99561,21371.94488,-7.43138,1.74395,0.66973,1.25066,-0.22458
221,1,Good,0.923384,98.43421,35.0,-43.51543,15506.43077,-3.6776,0.84443,0.82891,0.44446,-0.79554
222,1,Good,0.805739,38.93032,69.0,-217.49605,16963.99224,-6.82304,1.31318,0.52251,0.92235,-0.26592
223,1,Good,0.898981,100.8736,73.0,-264.6013,17132.91955,-9.08371,0.54561,0.52373,0.1223,-2.65085
224,1,Good,0.979695,34.40563,44.0,120.58165,114254.4376,-9.92351,1.01699,0.99888,3.91818,-1.14663
225,1,Good,0.975975,90.57295,62.0,-391.38633,77578.24943,-26.2997,0.97925,0.9479,1.00763,-3.50044
226,1,Good,0.983232,57.58086,80.0,-791.45834,50388.06562,-22.66539,0.77256,0.61694,0.12383,-3.6787
227,1,Good,0.936957,64.41784,53.0,-123.34982,73943.09487,-6.43053,1.05742,1.01631,2.3818,-1.48359
228,1,Good,0.741364,29.31924,46.0,240.08495,94899.36096,-5.11647,1.33584,1.22588,7.42587,-0.74858
229,1,Good,0.950937,66.36085,30.0,114.74076,47259.83067,-18.42506,0.98281,0.82266,5.33318,-0.77425
230,1,Good,0.969675,45.91856,66.0,-386.29654,86447.45996,-14.36621,0.89287,0.80576,1.52539,-1.86429
231,1,Good,0.796261,75.60517,47.0,-387.0087,63945.53302,-24.25655,0.77393,0.73369,1.65828,-3.4925
232,1,Good,0.904454,81.26205,30.0,-76.98521,70282.58186,-27.73947,0.8019,0.73291,4.37624,-2.2
233,1,Good,0.939369,61.76281,65.0,-240.19579,34929.76081,-11.56955,0.86455,0.75728,0.24614,-1.27765
234,1,Good,0.975007,47.06715,31.0,28.25955,44278.37306,-11.98199,1.02012,0.81924,5.25821,-0.52189
235,1,Good,0.935846,44.9122,47.0,-144.95126,52661.699,-10.06716,1.20137,0.93364,3.88906,-0.58312
236,1,Good,0.744842,51.91762,61.0,-316.40894,61411.3725,-17.89022,1.04959,0.87759,2.10319,-1.18249
237,1,Good,0.84147,94.95631,34.0,170.67739,49457.84675,-9.04055,1.14092,1.03877,5.66328,-1.11637
238,1,Good,0.971156,96.88102,73.0,-489.41499,70179.8267,-18.44693,0.88479,0.87515,0.44669,-4.9332
239,1,Good,0.763466,70.47068,74.0,-607.67705,64476.79642,-20.73953,0.89624,0.81333,0.29672,-3.77285
240,1,Good,0.820568,94.0403,51.0,82.71733,53961.32401,-4.21339,1.23765,1.15425,3.3534,-1.41819
241,1,Good,0.921676,28.85219,26.0,119.9451,132876.11715,-16.55096,0.93013,0.9271,4.65428,-2.24731
242,1,Good,0.950665,71.50063,64.0,-340.07365,80604.40256,-18.89637,0.89199,0.85371,0.58499,-2.21234
243,1,Good,0.961485,11.23841,36.0,-55.97977,62857.4842,-2.03982,0.95601,0.93691,1.52796,-0.85215
244,1,Good,0.976759,58.72306,61.0,-449.17625,137229.38912,-20.39861,0.94009,0.89648,0.58623,-2.7675
245,1,Good,0.909943,59.76692,30.0,383.83761,78300.89872,-13.16605,1.09453,1.05474,6.46652,-0.89944
246,1,Good,0.929291,56.7472,60.0,-382.79508,103867.28756,-18.97272,0.90835,0.87925,0.64957,-2.48537
247,1,Good,0.929291,76.85977,62.0,-494.09245,63783.40434,-31.34026,0.82993,0.80645,0.16281,-4.18924
248,1,Good,0.971045,58.70697,65.0,-298.06331,51860.08638,-19.23874,0.85933,0.80625,0.70001,-1.92601
249,1,Good,0.975395,61.32752,77.0,-864.43517,64003.41957,-34.57651,0.73311,0.60762,0.58275,-4.36482
250,1,Good,0.975395,46.67949,46.0,-131.30533,89898.0158,-6.14298,1.01686,0.98352,2.58802,-1.38352
251,1,Good,0.971045,54.04122,60.0,-366.16095,96967.97291,-15.82524,0.99424,0.94414,1.4327,-2.10682
252,1,Good,0.971045,66.19568,60.0,-309.69479,89925.6547,-19.55643,0.99918,0.9656,1.04883,-1.95725
