AssayId,BlockId,Size,RowSid,RowName,RowTarget,ColSid,ColName,ColTarget,RowIC50,ColIC50,RowConcs,ColConcs,RowConcUnit,ColConcUnit
9197,253,10,NCGC00345823-01,"Akt-I-1,2","AKT Inhibitor",NCGC00263222-02,"CAY-10581","IDO Inhibitor",44.309853,1.782887,"20.0,10.0,5.0,2.5,1.25,0.625,0.3125,0.15625,0.078125,0.0","20.0,10.0,5.0,2.5,1.25,0.625,0.3125,0.15625,0.078125,0.0",uM,uM
9197,254,10,NCGC00346969-01,"JS-59-4","nitric oxide donors",NCGC00263222-02,"CAY-10581","IDO Inhibitor",0.598096,2.06098,"20.0,10.0,5.0,2.5,1.25,0.625,0.3125,0.15625,0.078125,0.0","20.0,10.0,5.0,2.5,1.25,0.625,0.3125,0.15625,0.078125,0.0",uM,uM
9197,255,10,NCGC00346449-01,"Parogrelil","Phosphodiesterase III/Va (PDE) Inhibitor",NCGC00263222-02,"CAY-10581","IDO Inhibitor",21.600048,1.977082,"20.0,10.0,5.0,2.5,1.25,0.625,0.3125,0.15625,0.078125,0.0","20.0,10.0,5.0,2.5,1.25,0.625,0.3125,0.15625,0.078125,0.0",uM,uM
9197,256,10,NCGC00386226-04,"Pralatrexate","Dihydrofolate Reductase (DHFR) Inhibitors",NCGC00242217-07,"GW-843682X","Polo-like Kinase-1 (Plk-1) Inhibitor",0.007098,1.186733,"0.25,0.125,0.0625,0.03125,0.015625,0.007812400000000001,0.0039062000000000003,0.0019532,9.766E-4,0.0","20.0,10.0,5.0,2.5,1.25,0.625,0.3125,0.15625,0.078125,0.0",uM,uM
9197,257,10,NCGC00345809-03,"RGB-286147","CDK1/2/3/7/9 Inhibitor",NCGC00242217-07,"GW-843682X","Polo-like Kinase-1 (Plk-1) Inhibitor",0.022768,1.155661,"1.6,0.8,0.4,0.2,0.1,0.05,0.025,0.0125,0.00625,0.0","20.0,10.0,5.0,2.5,1.25,0.625,0.3125,0.15625,0.078125,0.0",uM,uM
9197,258,10,NCGC00345782-02,"GMX-1778","IKK beta Inhibitor",NCGC00242217-07,"GW-843682X","Polo-like Kinase-1 (Plk-1) Inhibitor",0.008144,1.116665,"1.0,0.5,0.25,0.125,0.0625,0.03125,0.015625,0.007812400000000001,0.0039062000000000003,0.0","20.0,10.0,5.0,2.5,1.25,0.625,0.3125,0.15625,0.078125,0.0",uM,uM
9197,259,10,NCGC00346644-04,"KX-01","Src Kinase Inhibitor",NCGC00242217-07,"GW-843682X","Polo-like Kinase-1 (Plk-1) Inhibitor",0.067648,1.229484,"1.4000000000000001,0.7000000000000001,0.35000000000000003,0.17500000000000002,0.08750000000000001,0.043750000000000004,0.021875000000000002,0.0109376,0.0054688,0.0","20.0,10.0,5.0,2.5,1.25,0.625,0.3125,0.15625,0.078125,0.0",uM,uM
9197,260,10,NCGC00242506-13,"Bortezomib","Proteasome Inhibitor",NCGC00242217-07,"GW-843682X","Polo-like Kinase-1 (Plk-1) Inhibitor",0.01244,1.14134,"0.9,0.45,0.225,0.1125,0.05625,0.028125,0.014062400000000001,0.0070312000000000005,0.0035156000000000002,0.0","20.0,10.0,5.0,2.5,1.25,0.625,0.3125,0.15625,0.078125,0.0",uM,uM
9197,261,10,NCGC00242514-13,"Sepantronium bromide","Survivin Inhibitor",NCGC00242217-07,"GW-843682X","Polo-like Kinase-1 (Plk-1) Inhibitor",4.51E-4,0.743987,"0.06,0.03,0.015,0.0075,0.00375,0.001875,9.376000000000001E-4,4.6880000000000007E-4,2.3440000000000003E-4,0.0","20.0,10.0,5.0,2.5,1.25,0.625,0.3125,0.15625,0.078125,0.0",uM,uM
9197,262,10,NCGC00263017-01,"CPG-52364","TLR 7, 8 and 9 Antagonist",NCGC00242217-07,"GW-843682X","Polo-like Kinase-1 (Plk-1) Inhibitor",171.92851,1.044254,"20.0,10.0,5.0,2.5,1.25,0.625,0.3125,0.15625,0.078125,0.0","20.0,10.0,5.0,2.5,1.25,0.625,0.3125,0.15625,0.078125,0.0",uM,uM
9197,263,10,NCGC00346962-02,"HMSL10077","BTK Inhibitor",NCGC00242217-07,"GW-843682X","Polo-like Kinase-1 (Plk-1) Inhibitor",9.366879,1.112039,"20.0,10.0,5.0,2.5,1.25,0.625,0.3125,0.15625,0.078125,0.0","20.0,10.0,5.0,2.5,1.25,0.625,0.3125,0.15625,0.078125,0.0",uM,uM
9197,264,10,NCGC00346656-03,"Dinaciclib (SCH727965)","CDK1/2/5/9 Inhibitor",NCGC00242217-07,"GW-843682X","Polo-like Kinase-1 (Plk-1) Inhibitor",0.023971,0.891221,"2.5,1.25,0.625,0.3125,0.15625,0.078125,0.0390624,0.0195312,0.0097656,0.0","20.0,10.0,5.0,2.5,1.25,0.625,0.3125,0.15625,0.078125,0.0",uM,uM
9197,265,10,NCGC00263183-11,"MK-1775","Wee1 Kinase Inhibitor",NCGC00242217-07,"GW-843682X","Polo-like Kinase-1 (Plk-1) Inhibitor",1.551476,0.737167,"20.0,10.0,5.0,2.5,1.25,0.625,0.3125,0.15625,0.078125,0.0","20.0,10.0,5.0,2.5,1.25,0.625,0.3125,0.15625,0.078125,0.0",uM,uM
9197,266,10,NCGC00263117-17,"Panobinostat","HDAC Inhibitor",NCGC00242217-07,"GW-843682X","Polo-like Kinase-1 (Plk-1) Inhibitor",1.14078,0.981914,"20.0,10.0,5.0,2.5,1.25,0.625,0.3125,0.15625,0.078125,0.0","20.0,10.0,5.0,2.5,1.25,0.625,0.3125,0.15625,0.078125,0.0",uM,uM
9197,267,10,NCGC00249613-10,"Carfilzomib","Proteasome Inhibitor",NCGC00242217-07,"GW-843682X","Polo-like Kinase-1 (Plk-1) Inhibitor",0.00665,0.187131,"2.5,1.25,0.625,0.3125,0.15625,0.078125,0.0390624,0.0195312,0.0097656,0.0","20.0,10.0,5.0,2.5,1.25,0.625,0.3125,0.15625,0.078125,0.0",uM,uM
9197,268,10,NCGC00346951-03,"Fascaplysin","CDK4/6 Inhibitor",NCGC00242217-07,"GW-843682X","Polo-like Kinase-1 (Plk-1) Inhibitor",0.655435,1.053067,"20.0,10.0,5.0,2.5,1.25,0.625,0.3125,0.15625,0.078125,0.0","20.0,10.0,5.0,2.5,1.25,0.625,0.3125,0.15625,0.078125,0.0",uM,uM
9197,269,10,NCGC00345799-07,"Oprozomib","Proteasome Inhibitor",NCGC00242217-07,"GW-843682X","Polo-like Kinase-1 (Plk-1) Inhibitor",0.065285,1.188469,"6.300000000000001,3.1500000000000004,1.5750000000000002,0.7875000000000001,0.39375000000000004,0.19687500000000002,0.09843760000000001,0.04921880000000001,0.024609400000000003,0.0","20.0,10.0,5.0,2.5,1.25,0.625,0.3125,0.15625,0.078125,0.0",uM,uM
9197,270,10,NCGC00263222-02,"CAY-10581","IDO Inhibitor",NCGC00242217-07,"GW-843682X","Polo-like Kinase-1 (Plk-1) Inhibitor",2.171448,1.606343,"20.0,10.0,5.0,2.5,1.25,0.625,0.3125,0.15625,0.078125,0.0","20.0,10.0,5.0,2.5,1.25,0.625,0.3125,0.15625,0.078125,0.0",uM,uM
9197,271,10,NCGC00347952-11,"NSC-319726","Mutant p53 Activator",NCGC00242217-07,"GW-843682X","Polo-like Kinase-1 (Plk-1) Inhibitor",0.125733,1.158768,"12.600000000000001,6.300000000000001,3.1500000000000004,1.5750000000000002,0.7875000000000001,0.39375000000000004,0.19687500000000002,0.09843760000000001,0.04921880000000001,0.0","20.0,10.0,5.0,2.5,1.25,0.625,0.3125,0.15625,0.078125,0.0",uM,uM
9197,272,10,NCGC00346535-01,"IVX-214","Polo-like Kinase-1 (Plk-1) Inhibitor",NCGC00242217-07,"GW-843682X","Polo-like Kinase-1 (Plk-1) Inhibitor",0.612129,1.050965,"20.0,10.0,5.0,2.5,1.25,0.625,0.3125,0.15625,0.078125,0.0","20.0,10.0,5.0,2.5,1.25,0.625,0.3125,0.15625,0.078125,0.0",uM,uM
9197,273,10,NCGC00345825-01,"BMS-3","LIMK Inhibitor",NCGC00242217-07,"GW-843682X","Polo-like Kinase-1 (Plk-1) Inhibitor",0.249817,1.021672,"14.0,7.0,3.5,1.75,0.875,0.4375,0.21875,0.109375,0.0546876,0.0","20.0,10.0,5.0,2.5,1.25,0.625,0.3125,0.15625,0.078125,0.0",uM,uM
9197,274,10,NCGC00345852-02,"BS-194","CDK1/2/5/9 Inhibitor",NCGC00242217-07,"GW-843682X","Polo-like Kinase-1 (Plk-1) Inhibitor",1.282501,0.807856,"20.0,10.0,5.0,2.5,1.25,0.625,0.3125,0.15625,0.078125,0.0","20.0,10.0,5.0,2.5,1.25,0.625,0.3125,0.15625,0.078125,0.0",uM,uM
9197,275,10,NCGC00345823-01,"Akt-I-1,2","AKT Inhibitor",NCGC00242217-07,"GW-843682X","Polo-like Kinase-1 (Plk-1) Inhibitor",3.172379,0.805523,"20.0,10.0,5.0,2.5,1.25,0.625,0.3125,0.15625,0.078125,0.0","20.0,10.0,5.0,2.5,1.25,0.625,0.3125,0.15625,0.078125,0.0",uM,uM
9197,276,10,NCGC00263087-15,"Volasertib","Polo-like Kinase-1 (Plk-1) Inhibitor",NCGC00242217-07,"GW-843682X","Polo-like Kinase-1 (Plk-1) Inhibitor",0.885409,0.674988,"10.0,5.0,2.5,1.25,0.625,0.3125,0.15625,0.078125,0.0390624,0.0","20.0,10.0,5.0,2.5,1.25,0.625,0.3125,0.15625,0.078125,0.0",uM,uM
9197,277,10,NCGC00346969-01,"JS-59-4","nitric oxide donors",NCGC00242217-07,"GW-843682X","Polo-like Kinase-1 (Plk-1) Inhibitor",0.546815,1.166598,"20.0,10.0,5.0,2.5,1.25,0.625,0.3125,0.15625,0.078125,0.0","20.0,10.0,5.0,2.5,1.25,0.625,0.3125,0.15625,0.078125,0.0",uM,uM
9197,278,10,NCGC00253438-01,"BI-2536","Polo-like Kinase-1 (Plk-1) Inhibitor",NCGC00242217-07,"GW-843682X","Polo-like Kinase-1 (Plk-1) Inhibitor",0.017537,1.220326,"4.0,2.0,1.0,0.5,0.25,0.125,0.0625,0.03125,0.015625,0.0","20.0,10.0,5.0,2.5,1.25,0.625,0.3125,0.15625,0.078125,0.0",uM,uM
9197,279,10,NCGC00346449-01,"Parogrelil","Phosphodiesterase III/Va (PDE) Inhibitor",NCGC00242217-07,"GW-843682X","Polo-like Kinase-1 (Plk-1) Inhibitor",21.120558,1.915278,"20.0,10.0,5.0,2.5,1.25,0.625,0.3125,0.15625,0.078125,0.0","20.0,10.0,5.0,2.5,1.25,0.625,0.3125,0.15625,0.078125,0.0",uM,uM
9197,280,10,NCGC00263112-06,"GSK-461364A","Polo-like Kinase-1 (Plk-1) Inhibitor",NCGC00242217-07,"GW-843682X","Polo-like Kinase-1 (Plk-1) Inhibitor",8.283169,1.904758,"20.0,10.0,5.0,2.5,1.25,0.625,0.3125,0.15625,0.078125,0.0","20.0,10.0,5.0,2.5,1.25,0.625,0.3125,0.15625,0.078125,0.0",uM,uM
9197,281,10,NCGC00263110-02,"Osanetant","Tachykinin NK3 Antagonist",NCGC00242217-07,"GW-843682X","Polo-like Kinase-1 (Plk-1) Inhibitor",23.10141,1.093837,"20.0,10.0,5.0,2.5,1.25,0.625,0.3125,0.15625,0.078125,0.0","20.0,10.0,5.0,2.5,1.25,0.625,0.3125,0.15625,0.078125,0.0",uM,uM
9197,282,10,NCGC00386226-04,"Pralatrexate","Dihydrofolate Reductase (DHFR) Inhibitors",NCGC00347952-11,"NSC-319726","Mutant p53 Activator",0.007622,0.087487,"0.25,0.125,0.0625,0.03125,0.015625,0.007812400000000001,0.0039062000000000003,0.0019532,9.766E-4,0.0","12.600000000000001,6.300000000000001,3.1500000000000004,1.5750000000000002,0.7875000000000001,0.39375000000000004,0.19687500000000002,0.09843760000000001,0.04921880000000001,0.0",uM,uM
9197,283,10,NCGC00386226-04,"Pralatrexate","Dihydrofolate Reductase (DHFR) Inhibitors",NCGC00346535-01,"IVX-214","Polo-like Kinase-1 (Plk-1) Inhibitor",0.00838,0.537847,"0.25,0.125,0.0625,0.03125,0.015625,0.007812400000000001,0.0039062000000000003,0.0019532,9.766E-4,0.0","20.0,10.0,5.0,2.5,1.25,0.625,0.3125,0.15625,0.078125,0.0",uM,uM
9197,284,10,NCGC00346644-04,"KX-01","Src Kinase Inhibitor",NCGC00346535-01,"IVX-214","Polo-like Kinase-1 (Plk-1) Inhibitor",0.055641,0.586329,"1.4000000000000001,0.7000000000000001,0.35000000000000003,0.17500000000000002,0.08750000000000001,0.043750000000000004,0.021875000000000002,0.0109376,0.0054688,0.0","20.0,10.0,5.0,2.5,1.25,0.625,0.3125,0.15625,0.078125,0.0",uM,uM
9197,285,10,NCGC00346962-02,"HMSL10077","BTK Inhibitor",NCGC00346535-01,"IVX-214","Polo-like Kinase-1 (Plk-1) Inhibitor",9.640471,0.62149,"20.0,10.0,5.0,2.5,1.25,0.625,0.3125,0.15625,0.078125,0.0","20.0,10.0,5.0,2.5,1.25,0.625,0.3125,0.15625,0.078125,0.0",uM,uM
9197,286,10,NCGC00346656-03,"Dinaciclib (SCH727965)","CDK1/2/5/9 Inhibitor",NCGC00346535-01,"IVX-214","Polo-like Kinase-1 (Plk-1) Inhibitor",0.095433,0.61743,"2.5,1.25,0.625,0.3125,0.15625,0.078125,0.0390624,0.0195312,0.0097656,0.0","20.0,10.0,5.0,2.5,1.25,0.625,0.3125,0.15625,0.078125,0.0",uM,uM
9197,287,10,NCGC00346951-03,"Fascaplysin","CDK4/6 Inhibitor",NCGC00346535-01,"IVX-214","Polo-like Kinase-1 (Plk-1) Inhibitor",0.758176,0.622865,"20.0,10.0,5.0,2.5,1.25,0.625,0.3125,0.15625,0.078125,0.0","20.0,10.0,5.0,2.5,1.25,0.625,0.3125,0.15625,0.078125,0.0",uM,uM
9197,288,10,NCGC00347952-11,"NSC-319726","Mutant p53 Activator",NCGC00346535-01,"IVX-214","Polo-like Kinase-1 (Plk-1) Inhibitor",0.334763,0.414196,"12.600000000000001,6.300000000000001,3.1500000000000004,1.5750000000000002,0.7875000000000001,0.39375000000000004,0.19687500000000002,0.09843760000000001,0.04921880000000001,0.0","20.0,10.0,5.0,2.5,1.25,0.625,0.3125,0.15625,0.078125,0.0",uM,uM
9197,289,10,NCGC00346969-01,"JS-59-4","nitric oxide donors",NCGC00346535-01,"IVX-214","Polo-like Kinase-1 (Plk-1) Inhibitor",0.531653,0.564182,"20.0,10.0,5.0,2.5,1.25,0.625,0.3125,0.15625,0.078125,0.0","20.0,10.0,5.0,2.5,1.25,0.625,0.3125,0.15625,0.078125,0.0",uM,uM
9197,290,10,NCGC00386226-04,"Pralatrexate","Dihydrofolate Reductase (DHFR) Inhibitors",NCGC00345825-01,"BMS-3","LIMK Inhibitor",0.007422,0.280754,"0.25,0.125,0.0625,0.03125,0.015625,0.007812400000000001,0.0039062000000000003,0.0019532,9.766E-4,0.0","14.0,7.0,3.5,1.75,0.875,0.4375,0.21875,0.109375,0.0546876,0.0",uM,uM
9197,291,10,NCGC00346644-04,"KX-01","Src Kinase Inhibitor",NCGC00345825-01,"BMS-3","LIMK Inhibitor",0.071615,0.278232,"1.4000000000000001,0.7000000000000001,0.35000000000000003,0.17500000000000002,0.08750000000000001,0.043750000000000004,0.021875000000000002,0.0109376,0.0054688,0.0","14.0,7.0,3.5,1.75,0.875,0.4375,0.21875,0.109375,0.0546876,0.0",uM,uM
9197,292,10,NCGC00346962-02,"HMSL10077","BTK Inhibitor",NCGC00345825-01,"BMS-3","LIMK Inhibitor",4.561758,0.284233,"20.0,10.0,5.0,2.5,1.25,0.625,0.3125,0.15625,0.078125,0.0","14.0,7.0,3.5,1.75,0.875,0.4375,0.21875,0.109375,0.0546876,0.0",uM,uM
9197,293,10,NCGC00346656-03,"Dinaciclib (SCH727965)","CDK1/2/5/9 Inhibitor",NCGC00345825-01,"BMS-3","LIMK Inhibitor",0.057241,0.283957,"2.5,1.25,0.625,0.3125,0.15625,0.078125,0.0390624,0.0195312,0.0097656,0.0","14.0,7.0,3.5,1.75,0.875,0.4375,0.21875,0.109375,0.0546876,0.0",uM,uM
9197,294,10,NCGC00346951-03,"Fascaplysin","CDK4/6 Inhibitor",NCGC00345825-01,"BMS-3","LIMK Inhibitor",0.646663,0.255223,"20.0,10.0,5.0,2.5,1.25,0.625,0.3125,0.15625,0.078125,0.0","14.0,7.0,3.5,1.75,0.875,0.4375,0.21875,0.109375,0.0546876,0.0",uM,uM
9197,295,10,NCGC00347952-11,"NSC-319726","Mutant p53 Activator",NCGC00345825-01,"BMS-3","LIMK Inhibitor",0.072619,0.281529,"12.600000000000001,6.300000000000001,3.1500000000000004,1.5750000000000002,0.7875000000000001,0.39375000000000004,0.19687500000000002,0.09843760000000001,0.04921880000000001,0.0","14.0,7.0,3.5,1.75,0.875,0.4375,0.21875,0.109375,0.0546876,0.0",uM,uM
9197,296,10,NCGC00346535-01,"IVX-214","Polo-like Kinase-1 (Plk-1) Inhibitor",NCGC00345825-01,"BMS-3","LIMK Inhibitor",0.319157,0.245524,"20.0,10.0,5.0,2.5,1.25,0.625,0.3125,0.15625,0.078125,0.0","14.0,7.0,3.5,1.75,0.875,0.4375,0.21875,0.109375,0.0546876,0.0",uM,uM
9197,297,10,NCGC00345852-02,"BS-194","CDK1/2/5/9 Inhibitor",NCGC00345825-01,"BMS-3","LIMK Inhibitor",2.144909,0.281602,"20.0,10.0,5.0,2.5,1.25,0.625,0.3125,0.15625,0.078125,0.0","14.0,7.0,3.5,1.75,0.875,0.4375,0.21875,0.109375,0.0546876,0.0",uM,uM
9197,298,10,NCGC00346969-01,"JS-59-4","nitric oxide donors",NCGC00345825-01,"BMS-3","LIMK Inhibitor",0.896501,0.246359,"20.0,10.0,5.0,2.5,1.25,0.625,0.3125,0.15625,0.078125,0.0","14.0,7.0,3.5,1.75,0.875,0.4375,0.21875,0.109375,0.0546876,0.0",uM,uM
9197,299,10,NCGC00346449-01,"Parogrelil","Phosphodiesterase III/Va (PDE) Inhibitor",NCGC00345825-01,"BMS-3","LIMK Inhibitor",23.59082,0.27758,"20.0,10.0,5.0,2.5,1.25,0.625,0.3125,0.15625,0.078125,0.0","14.0,7.0,3.5,1.75,0.875,0.4375,0.21875,0.109375,0.0546876,0.0",uM,uM
9197,300,10,NCGC00182868-16,"Daporinad","NAMPT Inhibitor",NCGC00015038-08,"Aminopterin","Dihydrofolate Reductase (DHFR) Inhibitor",0.009991,1.984129,"0.7000000000000001,0.35000000000000003,0.17500000000000002,0.08750000000000001,0.043750000000000004,0.021875000000000002,0.0109376,0.0054688,0.0027344,0.0","20.0,10.0,5.0,2.5,1.25,0.625,0.3125,0.15625,0.078125,0.0",uM,uM
9197,301,10,NCGC00386226-04,"Pralatrexate","Dihydrofolate Reductase (DHFR) Inhibitors",NCGC00015038-08,"Aminopterin","Dihydrofolate Reductase (DHFR) Inhibitor",0.007369,2.807527,"0.25,0.125,0.0625,0.03125,0.015625,0.007812400000000001,0.0039062000000000003,0.0019532,9.766E-4,0.0","20.0,10.0,5.0,2.5,1.25,0.625,0.3125,0.15625,0.078125,0.0",uM,uM
9197,302,10,NCGC00345809-03,"RGB-286147","CDK1/2/3/7/9 Inhibitor",NCGC00015038-08,"Aminopterin","Dihydrofolate Reductase (DHFR) Inhibitor",0.02185,3.3536,"1.6,0.8,0.4,0.2,0.1,0.05,0.025,0.0125,0.00625,0.0","20.0,10.0,5.0,2.5,1.25,0.625,0.3125,0.15625,0.078125,0.0",uM,uM
9197,303,10,NCGC00345782-02,"GMX-1778","IKK beta Inhibitor",NCGC00015038-08,"Aminopterin","Dihydrofolate Reductase (DHFR) Inhibitor",0.010589,2.963479,"1.0,0.5,0.25,0.125,0.0625,0.03125,0.015625,0.007812400000000001,0.0039062000000000003,0.0","20.0,10.0,5.0,2.5,1.25,0.625,0.3125,0.15625,0.078125,0.0",uM,uM
9197,304,10,NCGC00346644-04,"KX-01","Src Kinase Inhibitor",NCGC00015038-08,"Aminopterin","Dihydrofolate Reductase (DHFR) Inhibitor",0.057635,2.626922,"1.4000000000000001,0.7000000000000001,0.35000000000000003,0.17500000000000002,0.08750000000000001,0.043750000000000004,0.021875000000000002,0.0109376,0.0054688,0.0","20.0,10.0,5.0,2.5,1.25,0.625,0.3125,0.15625,0.078125,0.0",uM,uM
9197,305,10,NCGC00242506-13,"Bortezomib","Proteasome Inhibitor",NCGC00015038-08,"Aminopterin","Dihydrofolate Reductase (DHFR) Inhibitor",0.00912,3.147948,"0.9,0.45,0.225,0.1125,0.05625,0.028125,0.014062400000000001,0.0070312000000000005,0.0035156000000000002,0.0","20.0,10.0,5.0,2.5,1.25,0.625,0.3125,0.15625,0.078125,0.0",uM,uM
9197,306,10,NCGC00242514-13,"Sepantronium bromide","Survivin Inhibitor",NCGC00015038-08,"Aminopterin","Dihydrofolate Reductase (DHFR) Inhibitor",6.57E-4,3.019675,"0.06,0.03,0.015,0.0075,0.00375,0.001875,9.376000000000001E-4,4.6880000000000007E-4,2.3440000000000003E-4,0.0","20.0,10.0,5.0,2.5,1.25,0.625,0.3125,0.15625,0.078125,0.0",uM,uM
9197,307,10,NCGC00025060-04,"Methotrexate","Dihydrofolate Reductase (DHFR) Inhibitor",NCGC00015038-08,"Aminopterin","Dihydrofolate Reductase (DHFR) Inhibitor",0.15938,3.104905,"6.0,3.0,1.5,0.75,0.375,0.1875,0.09375,0.046875,0.023437600000000003,0.0","20.0,10.0,5.0,2.5,1.25,0.625,0.3125,0.15625,0.078125,0.0",uM,uM
9197,308,10,NCGC00263017-01,"CPG-52364","TLR 7, 8 and 9 Antagonist",NCGC00015038-08,"Aminopterin","Dihydrofolate Reductase (DHFR) Inhibitor",60.696915,2.637631,"20.0,10.0,5.0,2.5,1.25,0.625,0.3125,0.15625,0.078125,0.0","20.0,10.0,5.0,2.5,1.25,0.625,0.3125,0.15625,0.078125,0.0",uM,uM
9197,309,10,NCGC00346962-02,"HMSL10077","BTK Inhibitor",NCGC00015038-08,"Aminopterin","Dihydrofolate Reductase (DHFR) Inhibitor",8.841886,2.373014,"20.0,10.0,5.0,2.5,1.25,0.625,0.3125,0.15625,0.078125,0.0","20.0,10.0,5.0,2.5,1.25,0.625,0.3125,0.15625,0.078125,0.0",uM,uM
9197,310,10,NCGC00346656-03,"Dinaciclib (SCH727965)","CDK1/2/5/9 Inhibitor",NCGC00015038-08,"Aminopterin","Dihydrofolate Reductase (DHFR) Inhibitor",0.085326,3.114802,"2.5,1.25,0.625,0.3125,0.15625,0.078125,0.0390624,0.0195312,0.0097656,0.0","20.0,10.0,5.0,2.5,1.25,0.625,0.3125,0.15625,0.078125,0.0",uM,uM
9197,311,10,NCGC00263183-11,"MK-1775","Wee1 Kinase Inhibitor",NCGC00015038-08,"Aminopterin","Dihydrofolate Reductase (DHFR) Inhibitor",1.741106,3.073573,"20.0,10.0,5.0,2.5,1.25,0.625,0.3125,0.15625,0.078125,0.0","20.0,10.0,5.0,2.5,1.25,0.625,0.3125,0.15625,0.078125,0.0",uM,uM
9197,312,10,NCGC00263117-17,"Panobinostat","HDAC Inhibitor",NCGC00015038-08,"Aminopterin","Dihydrofolate Reductase (DHFR) Inhibitor",0.151256,2.876352,"20.0,10.0,5.0,2.5,1.25,0.625,0.3125,0.15625,0.078125,0.0","20.0,10.0,5.0,2.5,1.25,0.625,0.3125,0.15625,0.078125,0.0",uM,uM
9197,313,10,NCGC00249613-10,"Carfilzomib","Proteasome Inhibitor",NCGC00015038-08,"Aminopterin","Dihydrofolate Reductase (DHFR) Inhibitor",0.009228,2.858211,"2.5,1.25,0.625,0.3125,0.15625,0.078125,0.0390624,0.0195312,0.0097656,0.0","20.0,10.0,5.0,2.5,1.25,0.625,0.3125,0.15625,0.078125,0.0",uM,uM
9197,314,10,NCGC00346951-03,"Fascaplysin","CDK4/6 Inhibitor",NCGC00015038-08,"Aminopterin","Dihydrofolate Reductase (DHFR) Inhibitor",0.542396,3.344084,"20.0,10.0,5.0,2.5,1.25,0.625,0.3125,0.15625,0.078125,0.0","20.0,10.0,5.0,2.5,1.25,0.625,0.3125,0.15625,0.078125,0.0",uM,uM
9197,315,10,NCGC00345799-07,"Oprozomib","Proteasome Inhibitor",NCGC00015038-08,"Aminopterin","Dihydrofolate Reductase (DHFR) Inhibitor",0.048087,3.514373,"6.300000000000001,3.1500000000000004,1.5750000000000002,0.7875000000000001,0.39375000000000004,0.19687500000000002,0.09843760000000001,0.04921880000000001,0.024609400000000003,0.0","20.0,10.0,5.0,2.5,1.25,0.625,0.3125,0.15625,0.078125,0.0",uM,uM
9197,316,10,NCGC00263222-02,"CAY-10581","IDO Inhibitor",NCGC00015038-08,"Aminopterin","Dihydrofolate Reductase (DHFR) Inhibitor",0.791572,3.162843,"20.0,10.0,5.0,2.5,1.25,0.625,0.3125,0.15625,0.078125,0.0","20.0,10.0,5.0,2.5,1.25,0.625,0.3125,0.15625,0.078125,0.0",uM,uM
9197,317,10,NCGC00242217-07,"GW-843682X","Polo-like Kinase-1 (Plk-1) Inhibitor",NCGC00015038-08,"Aminopterin","Dihydrofolate Reductase (DHFR) Inhibitor",0.884145,3.014601,"20.0,10.0,5.0,2.5,1.25,0.625,0.3125,0.15625,0.078125,0.0","20.0,10.0,5.0,2.5,1.25,0.625,0.3125,0.15625,0.078125,0.0",uM,uM
9197,318,10,NCGC00347952-11,"NSC-319726","Mutant p53 Activator",NCGC00015038-08,"Aminopterin","Dihydrofolate Reductase (DHFR) Inhibitor",0.060311,2.631776,"12.600000000000001,6.300000000000001,3.1500000000000004,1.5750000000000002,0.7875000000000001,0.39375000000000004,0.19687500000000002,0.09843760000000001,0.04921880000000001,0.0","20.0,10.0,5.0,2.5,1.25,0.625,0.3125,0.15625,0.078125,0.0",uM,uM
9197,319,10,NCGC00346535-01,"IVX-214","Polo-like Kinase-1 (Plk-1) Inhibitor",NCGC00015038-08,"Aminopterin","Dihydrofolate Reductase (DHFR) Inhibitor",0.31658,2.598201,"20.0,10.0,5.0,2.5,1.25,0.625,0.3125,0.15625,0.078125,0.0","20.0,10.0,5.0,2.5,1.25,0.625,0.3125,0.15625,0.078125,0.0",uM,uM
9197,320,10,NCGC00345825-01,"BMS-3","LIMK Inhibitor",NCGC00015038-08,"Aminopterin","Dihydrofolate Reductase (DHFR) Inhibitor",0.213024,2.583425,"14.0,7.0,3.5,1.75,0.875,0.4375,0.21875,0.109375,0.0546876,0.0","20.0,10.0,5.0,2.5,1.25,0.625,0.3125,0.15625,0.078125,0.0",uM,uM
9197,321,10,NCGC00188382-05,"NCGC00188382-01","ITK inhibitor",NCGC00015038-08,"Aminopterin","Dihydrofolate Reductase (DHFR) Inhibitor",0.4008,2.462225,"20.0,10.0,5.0,2.5,1.25,0.625,0.3125,0.15625,0.078125,0.0","20.0,10.0,5.0,2.5,1.25,0.625,0.3125,0.15625,0.078125,0.0",uM,uM
9197,322,10,NCGC00345852-02,"BS-194","CDK1/2/5/9 Inhibitor",NCGC00015038-08,"Aminopterin","Dihydrofolate Reductase (DHFR) Inhibitor",1.776783,2.336233,"20.0,10.0,5.0,2.5,1.25,0.625,0.3125,0.15625,0.078125,0.0","20.0,10.0,5.0,2.5,1.25,0.625,0.3125,0.15625,0.078125,0.0",uM,uM
9197,323,10,NCGC00345823-01,"Akt-I-1,2","AKT Inhibitor",NCGC00015038-08,"Aminopterin","Dihydrofolate Reductase (DHFR) Inhibitor",3.159582,2.551144,"20.0,10.0,5.0,2.5,1.25,0.625,0.3125,0.15625,0.078125,0.0","20.0,10.0,5.0,2.5,1.25,0.625,0.3125,0.15625,0.078125,0.0",uM,uM
9197,324,10,NCGC00263087-15,"Volasertib","Polo-like Kinase-1 (Plk-1) Inhibitor",NCGC00015038-08,"Aminopterin","Dihydrofolate Reductase (DHFR) Inhibitor",15.048483,2.870314,"10.0,5.0,2.5,1.25,0.625,0.3125,0.15625,0.078125,0.0390624,0.0","20.0,10.0,5.0,2.5,1.25,0.625,0.3125,0.15625,0.078125,0.0",uM,uM
9197,325,10,NCGC00016268-09,"Niacin","Nicotinic acid",NCGC00015038-08,"Aminopterin","Dihydrofolate Reductase (DHFR) Inhibitor",68.38822,3.429842,"20.0,10.0,5.0,2.5,1.25,0.625,0.3125,0.15625,0.078125,0.0","20.0,10.0,5.0,2.5,1.25,0.625,0.3125,0.15625,0.078125,0.0",uM,uM
9197,326,10,NCGC00346969-01,"JS-59-4","nitric oxide donors",NCGC00015038-08,"Aminopterin","Dihydrofolate Reductase (DHFR) Inhibitor",0.504034,3.344763,"20.0,10.0,5.0,2.5,1.25,0.625,0.3125,0.15625,0.078125,0.0","20.0,10.0,5.0,2.5,1.25,0.625,0.3125,0.15625,0.078125,0.0",uM,uM
9197,327,10,NCGC00253438-01,"BI-2536","Polo-like Kinase-1 (Plk-1) Inhibitor",NCGC00015038-08,"Aminopterin","Dihydrofolate Reductase (DHFR) Inhibitor",0.049673,3.348902,"4.0,2.0,1.0,0.5,0.25,0.125,0.0625,0.03125,0.015625,0.0","20.0,10.0,5.0,2.5,1.25,0.625,0.3125,0.15625,0.078125,0.0",uM,uM
9197,328,10,NCGC00346449-01,"Parogrelil","Phosphodiesterase III/Va (PDE) Inhibitor",NCGC00015038-08,"Aminopterin","Dihydrofolate Reductase (DHFR) Inhibitor",12.355256,3.386445,"20.0,10.0,5.0,2.5,1.25,0.625,0.3125,0.15625,0.078125,0.0","20.0,10.0,5.0,2.5,1.25,0.625,0.3125,0.15625,0.078125,0.0",uM,uM
9197,329,10,NCGC00263112-06,"GSK-461364A","Polo-like Kinase-1 (Plk-1) Inhibitor",NCGC00015038-08,"Aminopterin","Dihydrofolate Reductase (DHFR) Inhibitor",1733.6747,2.613381,"20.0,10.0,5.0,2.5,1.25,0.625,0.3125,0.15625,0.078125,0.0","20.0,10.0,5.0,2.5,1.25,0.625,0.3125,0.15625,0.078125,0.0",uM,uM
9197,330,10,NCGC00263110-02,"Osanetant","Tachykinin NK3 Antagonist",NCGC00015038-08,"Aminopterin","Dihydrofolate Reductase (DHFR) Inhibitor",24.376741,3.326761,"20.0,10.0,5.0,2.5,1.25,0.625,0.3125,0.15625,0.078125,0.0","20.0,10.0,5.0,2.5,1.25,0.625,0.3125,0.15625,0.078125,0.0",uM,uM
9197,331,10,NCGC00386226-04,"Pralatrexate","Dihydrofolate Reductase (DHFR) Inhibitors",NCGC00188382-05,"NCGC00188382-01","ITK inhibitor",0.007527,0.299896,"0.25,0.125,0.0625,0.03125,0.015625,0.007812400000000001,0.0039062000000000003,0.0019532,9.766E-4,0.0","20.0,10.0,5.0,2.5,1.25,0.625,0.3125,0.15625,0.078125,0.0",uM,uM
9197,332,10,NCGC00345809-03,"RGB-286147","CDK1/2/3/7/9 Inhibitor",NCGC00188382-05,"NCGC00188382-01","ITK inhibitor",0.019356,0.289015,"1.6,0.8,0.4,0.2,0.1,0.05,0.025,0.0125,0.00625,0.0","20.0,10.0,5.0,2.5,1.25,0.625,0.3125,0.15625,0.078125,0.0",uM,uM
9197,333,10,NCGC00345782-02,"GMX-1778","IKK beta Inhibitor",NCGC00188382-05,"NCGC00188382-01","ITK inhibitor",0.013402,0.315915,"1.0,0.5,0.25,0.125,0.0625,0.03125,0.015625,0.007812400000000001,0.0039062000000000003,0.0","20.0,10.0,5.0,2.5,1.25,0.625,0.3125,0.15625,0.078125,0.0",uM,uM
9197,334,10,NCGC00346644-04,"KX-01","Src Kinase Inhibitor",NCGC00188382-05,"NCGC00188382-01","ITK inhibitor",0.087782,0.271602,"1.4000000000000001,0.7000000000000001,0.35000000000000003,0.17500000000000002,0.08750000000000001,0.043750000000000004,0.021875000000000002,0.0109376,0.0054688,0.0","20.0,10.0,5.0,2.5,1.25,0.625,0.3125,0.15625,0.078125,0.0",uM,uM
9197,335,10,NCGC00242506-13,"Bortezomib","Proteasome Inhibitor",NCGC00188382-05,"NCGC00188382-01","ITK inhibitor",0.010463,0.336014,"0.9,0.45,0.225,0.1125,0.05625,0.028125,0.014062400000000001,0.0070312000000000005,0.0035156000000000002,0.0","20.0,10.0,5.0,2.5,1.25,0.625,0.3125,0.15625,0.078125,0.0",uM,uM
9197,336,10,NCGC00242514-13,"Sepantronium bromide","Survivin Inhibitor",NCGC00188382-05,"NCGC00188382-01","ITK inhibitor",7.51E-4,0.270737,"0.06,0.03,0.015,0.0075,0.00375,0.001875,9.376000000000001E-4,4.6880000000000007E-4,2.3440000000000003E-4,0.0","20.0,10.0,5.0,2.5,1.25,0.625,0.3125,0.15625,0.078125,0.0",uM,uM
9197,337,10,NCGC00263017-01,"CPG-52364","TLR 7, 8 and 9 Antagonist",NCGC00188382-05,"NCGC00188382-01","ITK inhibitor",8.299584,0.262259,"20.0,10.0,5.0,2.5,1.25,0.625,0.3125,0.15625,0.078125,0.0","20.0,10.0,5.0,2.5,1.25,0.625,0.3125,0.15625,0.078125,0.0",uM,uM
9197,338,10,NCGC00346962-02,"HMSL10077","BTK Inhibitor",NCGC00188382-05,"NCGC00188382-01","ITK inhibitor",6.280092,0.392986,"20.0,10.0,5.0,2.5,1.25,0.625,0.3125,0.15625,0.078125,0.0","20.0,10.0,5.0,2.5,1.25,0.625,0.3125,0.15625,0.078125,0.0",uM,uM
9197,339,10,NCGC00346656-03,"Dinaciclib (SCH727965)","CDK1/2/5/9 Inhibitor",NCGC00188382-05,"NCGC00188382-01","ITK inhibitor",0.061799,0.401094,"2.5,1.25,0.625,0.3125,0.15625,0.078125,0.0390624,0.0195312,0.0097656,0.0","20.0,10.0,5.0,2.5,1.25,0.625,0.3125,0.15625,0.078125,0.0",uM,uM
9197,340,10,NCGC00263183-11,"MK-1775","Wee1 Kinase Inhibitor",NCGC00188382-05,"NCGC00188382-01","ITK inhibitor",0.824381,0.373216,"20.0,10.0,5.0,2.5,1.25,0.625,0.3125,0.15625,0.078125,0.0","20.0,10.0,5.0,2.5,1.25,0.625,0.3125,0.15625,0.078125,0.0",uM,uM
9197,341,10,NCGC00263117-17,"Panobinostat","HDAC Inhibitor",NCGC00188382-05,"NCGC00188382-01","ITK inhibitor",0.094151,0.293659,"20.0,10.0,5.0,2.5,1.25,0.625,0.3125,0.15625,0.078125,0.0","20.0,10.0,5.0,2.5,1.25,0.625,0.3125,0.15625,0.078125,0.0",uM,uM
9197,342,10,NCGC00249613-10,"Carfilzomib","Proteasome Inhibitor",NCGC00188382-05,"NCGC00188382-01","ITK inhibitor",0.009048,0.296642,"2.5,1.25,0.625,0.3125,0.15625,0.078125,0.0390624,0.0195312,0.0097656,0.0","20.0,10.0,5.0,2.5,1.25,0.625,0.3125,0.15625,0.078125,0.0",uM,uM
9197,343,10,NCGC00346951-03,"Fascaplysin","CDK4/6 Inhibitor",NCGC00188382-05,"NCGC00188382-01","ITK inhibitor",0.641088,0.258056,"20.0,10.0,5.0,2.5,1.25,0.625,0.3125,0.15625,0.078125,0.0","20.0,10.0,5.0,2.5,1.25,0.625,0.3125,0.15625,0.078125,0.0",uM,uM
9197,344,10,NCGC00345799-07,"Oprozomib","Proteasome Inhibitor",NCGC00188382-05,"NCGC00188382-01","ITK inhibitor",0.053172,0.266022,"6.300000000000001,3.1500000000000004,1.5750000000000002,0.7875000000000001,0.39375000000000004,0.19687500000000002,0.09843760000000001,0.04921880000000001,0.024609400000000003,0.0","20.0,10.0,5.0,2.5,1.25,0.625,0.3125,0.15625,0.078125,0.0",uM,uM
9197,345,10,NCGC00263222-02,"CAY-10581","IDO Inhibitor",NCGC00188382-05,"NCGC00188382-01","ITK inhibitor",2.045154,0.324708,"20.0,10.0,5.0,2.5,1.25,0.625,0.3125,0.15625,0.078125,0.0","20.0,10.0,5.0,2.5,1.25,0.625,0.3125,0.15625,0.078125,0.0",uM,uM
9197,346,10,NCGC00242217-07,"GW-843682X","Polo-like Kinase-1 (Plk-1) Inhibitor",NCGC00188382-05,"NCGC00188382-01","ITK inhibitor",1.817686,0.314098,"20.0,10.0,5.0,2.5,1.25,0.625,0.3125,0.15625,0.078125,0.0","20.0,10.0,5.0,2.5,1.25,0.625,0.3125,0.15625,0.078125,0.0",uM,uM
9197,347,10,NCGC00347952-11,"NSC-319726","Mutant p53 Activator",NCGC00188382-05,"NCGC00188382-01","ITK inhibitor",0.211083,0.335818,"12.600000000000001,6.300000000000001,3.1500000000000004,1.5750000000000002,0.7875000000000001,0.39375000000000004,0.19687500000000002,0.09843760000000001,0.04921880000000001,0.0","20.0,10.0,5.0,2.5,1.25,0.625,0.3125,0.15625,0.078125,0.0",uM,uM
9197,348,10,NCGC00346535-01,"IVX-214","Polo-like Kinase-1 (Plk-1) Inhibitor",NCGC00188382-05,"NCGC00188382-01","ITK inhibitor",0.863836,0.236907,"20.0,10.0,5.0,2.5,1.25,0.625,0.3125,0.15625,0.078125,0.0","20.0,10.0,5.0,2.5,1.25,0.625,0.3125,0.15625,0.078125,0.0",uM,uM
9197,349,10,NCGC00345825-01,"BMS-3","LIMK Inhibitor",NCGC00188382-05,"NCGC00188382-01","ITK inhibitor",0.286949,0.342451,"14.0,7.0,3.5,1.75,0.875,0.4375,0.21875,0.109375,0.0546876,0.0","20.0,10.0,5.0,2.5,1.25,0.625,0.3125,0.15625,0.078125,0.0",uM,uM
9197,350,10,NCGC00345852-02,"BS-194","CDK1/2/5/9 Inhibitor",NCGC00188382-05,"NCGC00188382-01","ITK inhibitor",1.840238,0.398044,"20.0,10.0,5.0,2.5,1.25,0.625,0.3125,0.15625,0.078125,0.0","20.0,10.0,5.0,2.5,1.25,0.625,0.3125,0.15625,0.078125,0.0",uM,uM
9197,351,10,NCGC00345823-01,"Akt-I-1,2","AKT Inhibitor",NCGC00188382-05,"NCGC00188382-01","ITK inhibitor",5.301424,0.386365,"20.0,10.0,5.0,2.5,1.25,0.625,0.3125,0.15625,0.078125,0.0","20.0,10.0,5.0,2.5,1.25,0.625,0.3125,0.15625,0.078125,0.0",uM,uM
9197,352,10,NCGC00263087-15,"Volasertib","Polo-like Kinase-1 (Plk-1) Inhibitor",NCGC00188382-05,"NCGC00188382-01","ITK inhibitor",0.130315,0.375345,"10.0,5.0,2.5,1.25,0.625,0.3125,0.15625,0.078125,0.0390624,0.0","20.0,10.0,5.0,2.5,1.25,0.625,0.3125,0.15625,0.078125,0.0",uM,uM
9197,353,10,NCGC00346969-01,"JS-59-4","nitric oxide donors",NCGC00188382-05,"NCGC00188382-01","ITK inhibitor",0.430724,0.272637,"20.0,10.0,5.0,2.5,1.25,0.625,0.3125,0.15625,0.078125,0.0","20.0,10.0,5.0,2.5,1.25,0.625,0.3125,0.15625,0.078125,0.0",uM,uM
9197,354,10,NCGC00253438-01,"BI-2536","Polo-like Kinase-1 (Plk-1) Inhibitor",NCGC00188382-05,"NCGC00188382-01","ITK inhibitor",1.04E-4,0.278837,"4.0,2.0,1.0,0.5,0.25,0.125,0.0625,0.03125,0.015625,0.0","20.0,10.0,5.0,2.5,1.25,0.625,0.3125,0.15625,0.078125,0.0",uM,uM
9197,355,10,NCGC00346449-01,"Parogrelil","Phosphodiesterase III/Va (PDE) Inhibitor",NCGC00188382-05,"NCGC00188382-01","ITK inhibitor",-9999.0,0.376642,"20.0,10.0,5.0,2.5,1.25,0.625,0.3125,0.15625,0.078125,0.0","20.0,10.0,5.0,2.5,1.25,0.625,0.3125,0.15625,0.078125,0.0",uM,uM
9197,356,10,NCGC00263112-06,"GSK-461364A","Polo-like Kinase-1 (Plk-1) Inhibitor",NCGC00188382-05,"NCGC00188382-01","ITK inhibitor",0.0,0.258537,"20.0,10.0,5.0,2.5,1.25,0.625,0.3125,0.15625,0.078125,0.0","20.0,10.0,5.0,2.5,1.25,0.625,0.3125,0.15625,0.078125,0.0",uM,uM
9197,357,10,NCGC00263110-02,"Osanetant","Tachykinin NK3 Antagonist",NCGC00188382-05,"NCGC00188382-01","ITK inhibitor",21.202627,0.334229,"20.0,10.0,5.0,2.5,1.25,0.625,0.3125,0.15625,0.078125,0.0","20.0,10.0,5.0,2.5,1.25,0.625,0.3125,0.15625,0.078125,0.0",uM,uM
9197,358,10,NCGC00386226-04,"Pralatrexate","Dihydrofolate Reductase (DHFR) Inhibitors",NCGC00345852-02,"BS-194","CDK1/2/5/9 Inhibitor",0.008309,1.774098,"0.25,0.125,0.0625,0.03125,0.015625,0.007812400000000001,0.0039062000000000003,0.0019532,9.766E-4,0.0","20.0,10.0,5.0,2.5,1.25,0.625,0.3125,0.15625,0.078125,0.0",uM,uM
9197,359,10,NCGC00346644-04,"KX-01","Src Kinase Inhibitor",NCGC00345852-02,"BS-194","CDK1/2/5/9 Inhibitor",0.082109,1.896161,"1.4000000000000001,0.7000000000000001,0.35000000000000003,0.17500000000000002,0.08750000000000001,0.043750000000000004,0.021875000000000002,0.0109376,0.0054688,0.0","20.0,10.0,5.0,2.5,1.25,0.625,0.3125,0.15625,0.078125,0.0",uM,uM
9197,360,10,NCGC00346962-02,"HMSL10077","BTK Inhibitor",NCGC00345852-02,"BS-194","CDK1/2/5/9 Inhibitor",6.679262,2.047568,"20.0,10.0,5.0,2.5,1.25,0.625,0.3125,0.15625,0.078125,0.0","20.0,10.0,5.0,2.5,1.25,0.625,0.3125,0.15625,0.078125,0.0",uM,uM
9197,361,10,NCGC00346656-03,"Dinaciclib (SCH727965)","CDK1/2/5/9 Inhibitor",NCGC00345852-02,"BS-194","CDK1/2/5/9 Inhibitor",0.069671,2.815987,"2.5,1.25,0.625,0.3125,0.15625,0.078125,0.0390624,0.0195312,0.0097656,0.0","20.0,10.0,5.0,2.5,1.25,0.625,0.3125,0.15625,0.078125,0.0",uM,uM
9197,362,10,NCGC00346951-03,"Fascaplysin","CDK4/6 Inhibitor",NCGC00345852-02,"BS-194","CDK1/2/5/9 Inhibitor",0.614904,3.210005,"20.0,10.0,5.0,2.5,1.25,0.625,0.3125,0.15625,0.078125,0.0","20.0,10.0,5.0,2.5,1.25,0.625,0.3125,0.15625,0.078125,0.0",uM,uM
9197,363,10,NCGC00347952-11,"NSC-319726","Mutant p53 Activator",NCGC00345852-02,"BS-194","CDK1/2/5/9 Inhibitor",0.077037,3.135213,"12.600000000000001,6.300000000000001,3.1500000000000004,1.5750000000000002,0.7875000000000001,0.39375000000000004,0.19687500000000002,0.09843760000000001,0.04921880000000001,0.0","20.0,10.0,5.0,2.5,1.25,0.625,0.3125,0.15625,0.078125,0.0",uM,uM
9197,364,10,NCGC00346535-01,"IVX-214","Polo-like Kinase-1 (Plk-1) Inhibitor",NCGC00345852-02,"BS-194","CDK1/2/5/9 Inhibitor",0.387116,1.73042,"20.0,10.0,5.0,2.5,1.25,0.625,0.3125,0.15625,0.078125,0.0","20.0,10.0,5.0,2.5,1.25,0.625,0.3125,0.15625,0.078125,0.0",uM,uM
9197,365,10,NCGC00346969-01,"JS-59-4","nitric oxide donors",NCGC00345852-02,"BS-194","CDK1/2/5/9 Inhibitor",0.576433,2.452236,"20.0,10.0,5.0,2.5,1.25,0.625,0.3125,0.15625,0.078125,0.0","20.0,10.0,5.0,2.5,1.25,0.625,0.3125,0.15625,0.078125,0.0",uM,uM
9197,366,10,NCGC00346449-01,"Parogrelil","Phosphodiesterase III/Va (PDE) Inhibitor",NCGC00345852-02,"BS-194","CDK1/2/5/9 Inhibitor",28.26308,2.350947,"20.0,10.0,5.0,2.5,1.25,0.625,0.3125,0.15625,0.078125,0.0","20.0,10.0,5.0,2.5,1.25,0.625,0.3125,0.15625,0.078125,0.0",uM,uM
9197,367,10,NCGC00386226-04,"Pralatrexate","Dihydrofolate Reductase (DHFR) Inhibitors",NCGC00345823-01,"Akt-I-1,2","AKT Inhibitor",0.007551,30.654884,"0.25,0.125,0.0625,0.03125,0.015625,0.007812400000000001,0.0039062000000000003,0.0019532,9.766E-4,0.0","20.0,10.0,5.0,2.5,1.25,0.625,0.3125,0.15625,0.078125,0.0",uM,uM
9197,368,10,NCGC00346644-04,"KX-01","Src Kinase Inhibitor",NCGC00345823-01,"Akt-I-1,2","AKT Inhibitor",0.058032,29.641066,"1.4000000000000001,0.7000000000000001,0.35000000000000003,0.17500000000000002,0.08750000000000001,0.043750000000000004,0.021875000000000002,0.0109376,0.0054688,0.0","20.0,10.0,5.0,2.5,1.25,0.625,0.3125,0.15625,0.078125,0.0",uM,uM
9197,369,10,NCGC00346962-02,"HMSL10077","BTK Inhibitor",NCGC00345823-01,"Akt-I-1,2","AKT Inhibitor",6.770739,6.61559,"20.0,10.0,5.0,2.5,1.25,0.625,0.3125,0.15625,0.078125,0.0","20.0,10.0,5.0,2.5,1.25,0.625,0.3125,0.15625,0.078125,0.0",uM,uM
9197,370,10,NCGC00346656-03,"Dinaciclib (SCH727965)","CDK1/2/5/9 Inhibitor",NCGC00345823-01,"Akt-I-1,2","AKT Inhibitor",0.075169,25.334831,"2.5,1.25,0.625,0.3125,0.15625,0.078125,0.0390624,0.0195312,0.0097656,0.0","20.0,10.0,5.0,2.5,1.25,0.625,0.3125,0.15625,0.078125,0.0",uM,uM
9197,371,10,NCGC00346951-03,"Fascaplysin","CDK4/6 Inhibitor",NCGC00345823-01,"Akt-I-1,2","AKT Inhibitor",0.745209,11.922127,"20.0,10.0,5.0,2.5,1.25,0.625,0.3125,0.15625,0.078125,0.0","20.0,10.0,5.0,2.5,1.25,0.625,0.3125,0.15625,0.078125,0.0",uM,uM
9197,372,10,NCGC00347952-11,"NSC-319726","Mutant p53 Activator",NCGC00345823-01,"Akt-I-1,2","AKT Inhibitor",0.508429,31.014807,"12.600000000000001,6.300000000000001,3.1500000000000004,1.5750000000000002,0.7875000000000001,0.39375000000000004,0.19687500000000002,0.09843760000000001,0.04921880000000001,0.0","20.0,10.0,5.0,2.5,1.25,0.625,0.3125,0.15625,0.078125,0.0",uM,uM
9197,373,10,NCGC00346535-01,"IVX-214","Polo-like Kinase-1 (Plk-1) Inhibitor",NCGC00345823-01,"Akt-I-1,2","AKT Inhibitor",0.494045,29.974552,"20.0,10.0,5.0,2.5,1.25,0.625,0.3125,0.15625,0.078125,0.0","20.0,10.0,5.0,2.5,1.25,0.625,0.3125,0.15625,0.078125,0.0",uM,uM
9197,374,10,NCGC00345825-01,"BMS-3","LIMK Inhibitor",NCGC00345823-01,"Akt-I-1,2","AKT Inhibitor",0.361682,45.88309,"14.0,7.0,3.5,1.75,0.875,0.4375,0.21875,0.109375,0.0546876,0.0","20.0,10.0,5.0,2.5,1.25,0.625,0.3125,0.15625,0.078125,0.0",uM,uM
9197,375,10,NCGC00345852-02,"BS-194","CDK1/2/5/9 Inhibitor",NCGC00345823-01,"Akt-I-1,2","AKT Inhibitor",1.978365,0.0,"20.0,10.0,5.0,2.5,1.25,0.625,0.3125,0.15625,0.078125,0.0","20.0,10.0,5.0,2.5,1.25,0.625,0.3125,0.15625,0.078125,0.0",uM,uM
9197,376,10,NCGC00346969-01,"JS-59-4","nitric oxide donors",NCGC00345823-01,"Akt-I-1,2","AKT Inhibitor",0.553481,0.0,"20.0,10.0,5.0,2.5,1.25,0.625,0.3125,0.15625,0.078125,0.0","20.0,10.0,5.0,2.5,1.25,0.625,0.3125,0.15625,0.078125,0.0",uM,uM
9197,377,10,NCGC00346449-01,"Parogrelil","Phosphodiesterase III/Va (PDE) Inhibitor",NCGC00345823-01,"Akt-I-1,2","AKT Inhibitor",0.0,11.472898,"20.0,10.0,5.0,2.5,1.25,0.625,0.3125,0.15625,0.078125,0.0","20.0,10.0,5.0,2.5,1.25,0.625,0.3125,0.15625,0.078125,0.0",uM,uM
9197,378,10,NCGC00386226-04,"Pralatrexate","Dihydrofolate Reductase (DHFR) Inhibitors",NCGC00263087-15,"Volasertib","Polo-like Kinase-1 (Plk-1) Inhibitor",0.00815,0.152125,"0.25,0.125,0.0625,0.03125,0.015625,0.007812400000000001,0.0039062000000000003,0.0019532,9.766E-4,0.0","10.0,5.0,2.5,1.25,0.625,0.3125,0.15625,0.078125,0.0390624,0.0",uM,uM
9197,379,10,NCGC00345809-03,"RGB-286147","CDK1/2/3/7/9 Inhibitor",NCGC00263087-15,"Volasertib","Polo-like Kinase-1 (Plk-1) Inhibitor",0.022252,0.374633,"1.6,0.8,0.4,0.2,0.1,0.05,0.025,0.0125,0.00625,0.0","10.0,5.0,2.5,1.25,0.625,0.3125,0.15625,0.078125,0.0390624,0.0",uM,uM
9197,380,10,NCGC00345782-02,"GMX-1778","IKK beta Inhibitor",NCGC00263087-15,"Volasertib","Polo-like Kinase-1 (Plk-1) Inhibitor",0.009827,2.534022,"1.0,0.5,0.25,0.125,0.0625,0.03125,0.015625,0.007812400000000001,0.0039062000000000003,0.0","10.0,5.0,2.5,1.25,0.625,0.3125,0.15625,0.078125,0.0390624,0.0",uM,uM
9197,381,10,NCGC00346644-04,"KX-01","Src Kinase Inhibitor",NCGC00263087-15,"Volasertib","Polo-like Kinase-1 (Plk-1) Inhibitor",0.073805,5.423121,"1.4000000000000001,0.7000000000000001,0.35000000000000003,0.17500000000000002,0.08750000000000001,0.043750000000000004,0.021875000000000002,0.0109376,0.0054688,0.0","10.0,5.0,2.5,1.25,0.625,0.3125,0.15625,0.078125,0.0390624,0.0",uM,uM
9197,382,10,NCGC00346962-02,"HMSL10077","BTK Inhibitor",NCGC00263087-15,"Volasertib","Polo-like Kinase-1 (Plk-1) Inhibitor",4.951179,2.562035,"20.0,10.0,5.0,2.5,1.25,0.625,0.3125,0.15625,0.078125,0.0","10.0,5.0,2.5,1.25,0.625,0.3125,0.15625,0.078125,0.0390624,0.0",uM,uM
9197,383,10,NCGC00346656-03,"Dinaciclib (SCH727965)","CDK1/2/5/9 Inhibitor",NCGC00263087-15,"Volasertib","Polo-like Kinase-1 (Plk-1) Inhibitor",0.108506,0.031109,"2.5,1.25,0.625,0.3125,0.15625,0.078125,0.0390624,0.0195312,0.0097656,0.0","10.0,5.0,2.5,1.25,0.625,0.3125,0.15625,0.078125,0.0390624,0.0",uM,uM
9197,384,10,NCGC00263183-11,"MK-1775","Wee1 Kinase Inhibitor",NCGC00263087-15,"Volasertib","Polo-like Kinase-1 (Plk-1) Inhibitor",1.489428,0.010826,"20.0,10.0,5.0,2.5,1.25,0.625,0.3125,0.15625,0.078125,0.0","10.0,5.0,2.5,1.25,0.625,0.3125,0.15625,0.078125,0.0390624,0.0",uM,uM
9197,385,10,NCGC00263117-17,"Panobinostat","HDAC Inhibitor",NCGC00263087-15,"Volasertib","Polo-like Kinase-1 (Plk-1) Inhibitor",0.135295,4.469161,"20.0,10.0,5.0,2.5,1.25,0.625,0.3125,0.15625,0.078125,0.0","10.0,5.0,2.5,1.25,0.625,0.3125,0.15625,0.078125,0.0390624,0.0",uM,uM
9197,386,10,NCGC00346951-03,"Fascaplysin","CDK4/6 Inhibitor",NCGC00263087-15,"Volasertib","Polo-like Kinase-1 (Plk-1) Inhibitor",0.660036,1.142257,"20.0,10.0,5.0,2.5,1.25,0.625,0.3125,0.15625,0.078125,0.0","10.0,5.0,2.5,1.25,0.625,0.3125,0.15625,0.078125,0.0390624,0.0",uM,uM
9197,387,10,NCGC00345799-07,"Oprozomib","Proteasome Inhibitor",NCGC00263087-15,"Volasertib","Polo-like Kinase-1 (Plk-1) Inhibitor",0.06002,0.36144,"6.300000000000001,3.1500000000000004,1.5750000000000002,0.7875000000000001,0.39375000000000004,0.19687500000000002,0.09843760000000001,0.04921880000000001,0.024609400000000003,0.0","10.0,5.0,2.5,1.25,0.625,0.3125,0.15625,0.078125,0.0390624,0.0",uM,uM
9197,388,10,NCGC00263222-02,"CAY-10581","IDO Inhibitor",NCGC00263087-15,"Volasertib","Polo-like Kinase-1 (Plk-1) Inhibitor",1.378165,14.876015,"20.0,10.0,5.0,2.5,1.25,0.625,0.3125,0.15625,0.078125,0.0","10.0,5.0,2.5,1.25,0.625,0.3125,0.15625,0.078125,0.0390624,0.0",uM,uM
9197,389,10,NCGC00347952-11,"NSC-319726","Mutant p53 Activator",NCGC00263087-15,"Volasertib","Polo-like Kinase-1 (Plk-1) Inhibitor",0.089114,0.840948,"12.600000000000001,6.300000000000001,3.1500000000000004,1.5750000000000002,0.7875000000000001,0.39375000000000004,0.19687500000000002,0.09843760000000001,0.04921880000000001,0.0","10.0,5.0,2.5,1.25,0.625,0.3125,0.15625,0.078125,0.0390624,0.0",uM,uM
9197,390,10,NCGC00346535-01,"IVX-214","Polo-like Kinase-1 (Plk-1) Inhibitor",NCGC00263087-15,"Volasertib","Polo-like Kinase-1 (Plk-1) Inhibitor",0.393732,1.930038,"20.0,10.0,5.0,2.5,1.25,0.625,0.3125,0.15625,0.078125,0.0","10.0,5.0,2.5,1.25,0.625,0.3125,0.15625,0.078125,0.0390624,0.0",uM,uM
9197,391,10,NCGC00345825-01,"BMS-3","LIMK Inhibitor",NCGC00263087-15,"Volasertib","Polo-like Kinase-1 (Plk-1) Inhibitor",0.235634,2.62716,"14.0,7.0,3.5,1.75,0.875,0.4375,0.21875,0.109375,0.0546876,0.0","10.0,5.0,2.5,1.25,0.625,0.3125,0.15625,0.078125,0.0390624,0.0",uM,uM
9197,392,10,NCGC00345852-02,"BS-194","CDK1/2/5/9 Inhibitor",NCGC00263087-15,"Volasertib","Polo-like Kinase-1 (Plk-1) Inhibitor",2.307243,1.6102,"20.0,10.0,5.0,2.5,1.25,0.625,0.3125,0.15625,0.078125,0.0","10.0,5.0,2.5,1.25,0.625,0.3125,0.15625,0.078125,0.0390624,0.0",uM,uM
9197,393,10,NCGC00345823-01,"Akt-I-1,2","AKT Inhibitor",NCGC00263087-15,"Volasertib","Polo-like Kinase-1 (Plk-1) Inhibitor",28.464565,0.065293,"20.0,10.0,5.0,2.5,1.25,0.625,0.3125,0.15625,0.078125,0.0","10.0,5.0,2.5,1.25,0.625,0.3125,0.15625,0.078125,0.0390624,0.0",uM,uM
9197,394,10,NCGC00346969-01,"JS-59-4","nitric oxide donors",NCGC00263087-15,"Volasertib","Polo-like Kinase-1 (Plk-1) Inhibitor",0.707764,0.066622,"20.0,10.0,5.0,2.5,1.25,0.625,0.3125,0.15625,0.078125,0.0","10.0,5.0,2.5,1.25,0.625,0.3125,0.15625,0.078125,0.0390624,0.0",uM,uM
9197,395,10,NCGC00346449-01,"Parogrelil","Phosphodiesterase III/Va (PDE) Inhibitor",NCGC00263087-15,"Volasertib","Polo-like Kinase-1 (Plk-1) Inhibitor",23.61032,5.762411,"20.0,10.0,5.0,2.5,1.25,0.625,0.3125,0.15625,0.078125,0.0","10.0,5.0,2.5,1.25,0.625,0.3125,0.15625,0.078125,0.0390624,0.0",uM,uM
9197,396,10,NCGC00263112-06,"GSK-461364A","Polo-like Kinase-1 (Plk-1) Inhibitor",NCGC00263087-15,"Volasertib","Polo-like Kinase-1 (Plk-1) Inhibitor",469.6077,5.19273,"20.0,10.0,5.0,2.5,1.25,0.625,0.3125,0.15625,0.078125,0.0","10.0,5.0,2.5,1.25,0.625,0.3125,0.15625,0.078125,0.0390624,0.0",uM,uM
9197,397,10,NCGC00263110-02,"Osanetant","Tachykinin NK3 Antagonist",NCGC00263087-15,"Volasertib","Polo-like Kinase-1 (Plk-1) Inhibitor",71.1238,2.400103,"20.0,10.0,5.0,2.5,1.25,0.625,0.3125,0.15625,0.078125,0.0","10.0,5.0,2.5,1.25,0.625,0.3125,0.15625,0.078125,0.0390624,0.0",uM,uM
9197,398,10,NCGC00182868-16,"Daporinad","NAMPT Inhibitor",NCGC00016268-09,"Niacin","Nicotinic acid",0.008085,0.0,"0.7000000000000001,0.35000000000000003,0.17500000000000002,0.08750000000000001,0.043750000000000004,0.021875000000000002,0.0109376,0.0054688,0.0027344,0.0","20.0,10.0,5.0,2.5,1.25,0.625,0.3125,0.15625,0.078125,0.0",uM,uM
9197,399,10,NCGC00386226-04,"Pralatrexate","Dihydrofolate Reductase (DHFR) Inhibitors",NCGC00016268-09,"Niacin","Nicotinic acid",0.007967,0.0,"0.25,0.125,0.0625,0.03125,0.015625,0.007812400000000001,0.0039062000000000003,0.0019532,9.766E-4,0.0","20.0,10.0,5.0,2.5,1.25,0.625,0.3125,0.15625,0.078125,0.0",uM,uM
9197,400,10,NCGC00345809-03,"RGB-286147","CDK1/2/3/7/9 Inhibitor",NCGC00016268-09,"Niacin","Nicotinic acid",0.018886,0.0,"1.6,0.8,0.4,0.2,0.1,0.05,0.025,0.0125,0.00625,0.0","20.0,10.0,5.0,2.5,1.25,0.625,0.3125,0.15625,0.078125,0.0",uM,uM
9197,401,10,NCGC00345782-02,"GMX-1778","IKK beta Inhibitor",NCGC00016268-09,"Niacin","Nicotinic acid",0.012293,5.234854,"1.0,0.5,0.25,0.125,0.0625,0.03125,0.015625,0.007812400000000001,0.0039062000000000003,0.0","20.0,10.0,5.0,2.5,1.25,0.625,0.3125,0.15625,0.078125,0.0",uM,uM
9197,402,10,NCGC00346644-04,"KX-01","Src Kinase Inhibitor",NCGC00016268-09,"Niacin","Nicotinic acid",0.061145,1.67E-4,"1.4000000000000001,0.7000000000000001,0.35000000000000003,0.17500000000000002,0.08750000000000001,0.043750000000000004,0.021875000000000002,0.0109376,0.0054688,0.0","20.0,10.0,5.0,2.5,1.25,0.625,0.3125,0.15625,0.078125,0.0",uM,uM
9197,403,10,NCGC00242506-13,"Bortezomib","Proteasome Inhibitor",NCGC00016268-09,"Niacin","Nicotinic acid",0.007872,9.026358,"0.9,0.45,0.225,0.1125,0.05625,0.028125,0.014062400000000001,0.0070312000000000005,0.0035156000000000002,0.0","20.0,10.0,5.0,2.5,1.25,0.625,0.3125,0.15625,0.078125,0.0",uM,uM
9197,404,10,NCGC00242514-13,"Sepantronium bromide","Survivin Inhibitor",NCGC00016268-09,"Niacin","Nicotinic acid",6.67E-4,0.2368,"0.06,0.03,0.015,0.0075,0.00375,0.001875,9.376000000000001E-4,4.6880000000000007E-4,2.3440000000000003E-4,0.0","20.0,10.0,5.0,2.5,1.25,0.625,0.3125,0.15625,0.078125,0.0",uM,uM
9197,405,10,NCGC00025060-04,"Methotrexate","Dihydrofolate Reductase (DHFR) Inhibitor",NCGC00016268-09,"Niacin","Nicotinic acid",0.184151,0.0,"6.0,3.0,1.5,0.75,0.375,0.1875,0.09375,0.046875,0.023437600000000003,0.0","20.0,10.0,5.0,2.5,1.25,0.625,0.3125,0.15625,0.078125,0.0",uM,uM
9197,406,10,NCGC00263017-01,"CPG-52364","TLR 7, 8 and 9 Antagonist",NCGC00016268-09,"Niacin","Nicotinic acid",11.916756,0.0,"20.0,10.0,5.0,2.5,1.25,0.625,0.3125,0.15625,0.078125,0.0","20.0,10.0,5.0,2.5,1.25,0.625,0.3125,0.15625,0.078125,0.0",uM,uM
9197,407,10,NCGC00346962-02,"HMSL10077","BTK Inhibitor",NCGC00016268-09,"Niacin","Nicotinic acid",6.871349,0.0,"20.0,10.0,5.0,2.5,1.25,0.625,0.3125,0.15625,0.078125,0.0","20.0,10.0,5.0,2.5,1.25,0.625,0.3125,0.15625,0.078125,0.0",uM,uM
9197,408,10,NCGC00346656-03,"Dinaciclib (SCH727965)","CDK1/2/5/9 Inhibitor",NCGC00016268-09,"Niacin","Nicotinic acid",0.117298,0.009537,"2.5,1.25,0.625,0.3125,0.15625,0.078125,0.0390624,0.0195312,0.0097656,0.0","20.0,10.0,5.0,2.5,1.25,0.625,0.3125,0.15625,0.078125,0.0",uM,uM
9197,409,10,NCGC00263183-11,"MK-1775","Wee1 Kinase Inhibitor",NCGC00016268-09,"Niacin","Nicotinic acid",1.058411,1.345805,"20.0,10.0,5.0,2.5,1.25,0.625,0.3125,0.15625,0.078125,0.0","20.0,10.0,5.0,2.5,1.25,0.625,0.3125,0.15625,0.078125,0.0",uM,uM
9197,410,10,NCGC00263117-17,"Panobinostat","HDAC Inhibitor",NCGC00016268-09,"Niacin","Nicotinic acid",0.156969,0.0,"20.0,10.0,5.0,2.5,1.25,0.625,0.3125,0.15625,0.078125,0.0","20.0,10.0,5.0,2.5,1.25,0.625,0.3125,0.15625,0.078125,0.0",uM,uM
9197,411,10,NCGC00249613-10,"Carfilzomib","Proteasome Inhibitor",NCGC00016268-09,"Niacin","Nicotinic acid",0.006633,0.0,"2.5,1.25,0.625,0.3125,0.15625,0.078125,0.0390624,0.0195312,0.0097656,0.0","20.0,10.0,5.0,2.5,1.25,0.625,0.3125,0.15625,0.078125,0.0",uM,uM
9197,412,10,NCGC00346951-03,"Fascaplysin","CDK4/6 Inhibitor",NCGC00016268-09,"Niacin","Nicotinic acid",0.624223,0.0,"20.0,10.0,5.0,2.5,1.25,0.625,0.3125,0.15625,0.078125,0.0","20.0,10.0,5.0,2.5,1.25,0.625,0.3125,0.15625,0.078125,0.0",uM,uM
9197,413,10,NCGC00345799-07,"Oprozomib","Proteasome Inhibitor",NCGC00016268-09,"Niacin","Nicotinic acid",0.05075,34.42824,"6.300000000000001,3.1500000000000004,1.5750000000000002,0.7875000000000001,0.39375000000000004,0.19687500000000002,0.09843760000000001,0.04921880000000001,0.024609400000000003,0.0","20.0,10.0,5.0,2.5,1.25,0.625,0.3125,0.15625,0.078125,0.0",uM,uM
9197,414,10,NCGC00263222-02,"CAY-10581","IDO Inhibitor",NCGC00016268-09,"Niacin","Nicotinic acid",1.877197,0.0,"20.0,10.0,5.0,2.5,1.25,0.625,0.3125,0.15625,0.078125,0.0","20.0,10.0,5.0,2.5,1.25,0.625,0.3125,0.15625,0.078125,0.0",uM,uM
9197,415,10,NCGC00242217-07,"GW-843682X","Polo-like Kinase-1 (Plk-1) Inhibitor",NCGC00016268-09,"Niacin","Nicotinic acid",1.072135,0.0,"20.0,10.0,5.0,2.5,1.25,0.625,0.3125,0.15625,0.078125,0.0","20.0,10.0,5.0,2.5,1.25,0.625,0.3125,0.15625,0.078125,0.0",uM,uM
9197,416,10,NCGC00347952-11,"NSC-319726","Mutant p53 Activator",NCGC00016268-09,"Niacin","Nicotinic acid",0.185674,0.0,"12.600000000000001,6.300000000000001,3.1500000000000004,1.5750000000000002,0.7875000000000001,0.39375000000000004,0.19687500000000002,0.09843760000000001,0.04921880000000001,0.0","20.0,10.0,5.0,2.5,1.25,0.625,0.3125,0.15625,0.078125,0.0",uM,uM
9197,417,10,NCGC00346535-01,"IVX-214","Polo-like Kinase-1 (Plk-1) Inhibitor",NCGC00016268-09,"Niacin","Nicotinic acid",0.884964,0.0,"20.0,10.0,5.0,2.5,1.25,0.625,0.3125,0.15625,0.078125,0.0","20.0,10.0,5.0,2.5,1.25,0.625,0.3125,0.15625,0.078125,0.0",uM,uM
9197,418,10,NCGC00345825-01,"BMS-3","LIMK Inhibitor",NCGC00016268-09,"Niacin","Nicotinic acid",0.290646,0.0,"14.0,7.0,3.5,1.75,0.875,0.4375,0.21875,0.109375,0.0546876,0.0","20.0,10.0,5.0,2.5,1.25,0.625,0.3125,0.15625,0.078125,0.0",uM,uM
9197,419,10,NCGC00188382-05,"NCGC00188382-01","ITK inhibitor",NCGC00016268-09,"Niacin","Nicotinic acid",0.378908,0.0,"20.0,10.0,5.0,2.5,1.25,0.625,0.3125,0.15625,0.078125,0.0","20.0,10.0,5.0,2.5,1.25,0.625,0.3125,0.15625,0.078125,0.0",uM,uM
9197,420,10,NCGC00345852-02,"BS-194","CDK1/2/5/9 Inhibitor",NCGC00016268-09,"Niacin","Nicotinic acid",2.032686,30.509302,"20.0,10.0,5.0,2.5,1.25,0.625,0.3125,0.15625,0.078125,0.0","20.0,10.0,5.0,2.5,1.25,0.625,0.3125,0.15625,0.078125,0.0",uM,uM
9197,421,10,NCGC00345823-01,"Akt-I-1,2","AKT Inhibitor",NCGC00016268-09,"Niacin","Nicotinic acid",102.39595,0.0,"20.0,10.0,5.0,2.5,1.25,0.625,0.3125,0.15625,0.078125,0.0","20.0,10.0,5.0,2.5,1.25,0.625,0.3125,0.15625,0.078125,0.0",uM,uM
9197,422,10,NCGC00263087-15,"Volasertib","Polo-like Kinase-1 (Plk-1) Inhibitor",NCGC00016268-09,"Niacin","Nicotinic acid",0.050067,0.0,"10.0,5.0,2.5,1.25,0.625,0.3125,0.15625,0.078125,0.0390624,0.0","20.0,10.0,5.0,2.5,1.25,0.625,0.3125,0.15625,0.078125,0.0",uM,uM
9197,423,10,NCGC00346969-01,"JS-59-4","nitric oxide donors",NCGC00016268-09,"Niacin","Nicotinic acid",0.556774,0.0,"20.0,10.0,5.0,2.5,1.25,0.625,0.3125,0.15625,0.078125,0.0","20.0,10.0,5.0,2.5,1.25,0.625,0.3125,0.15625,0.078125,0.0",uM,uM
9197,424,10,NCGC00253438-01,"BI-2536","Polo-like Kinase-1 (Plk-1) Inhibitor",NCGC00016268-09,"Niacin","Nicotinic acid",0.028315,0.12601,"4.0,2.0,1.0,0.5,0.25,0.125,0.0625,0.03125,0.015625,0.0","20.0,10.0,5.0,2.5,1.25,0.625,0.3125,0.15625,0.078125,0.0",uM,uM
9197,425,10,NCGC00346449-01,"Parogrelil","Phosphodiesterase III/Va (PDE) Inhibitor",NCGC00016268-09,"Niacin","Nicotinic acid",95.28317,27.664,"20.0,10.0,5.0,2.5,1.25,0.625,0.3125,0.15625,0.078125,0.0","20.0,10.0,5.0,2.5,1.25,0.625,0.3125,0.15625,0.078125,0.0",uM,uM
9197,426,10,NCGC00263112-06,"GSK-461364A","Polo-like Kinase-1 (Plk-1) Inhibitor",NCGC00016268-09,"Niacin","Nicotinic acid",0.067855,0.0,"20.0,10.0,5.0,2.5,1.25,0.625,0.3125,0.15625,0.078125,0.0","20.0,10.0,5.0,2.5,1.25,0.625,0.3125,0.15625,0.078125,0.0",uM,uM
9197,427,10,NCGC00263110-02,"Osanetant","Tachykinin NK3 Antagonist",NCGC00016268-09,"Niacin","Nicotinic acid",22.330788,0.0,"20.0,10.0,5.0,2.5,1.25,0.625,0.3125,0.15625,0.078125,0.0","20.0,10.0,5.0,2.5,1.25,0.625,0.3125,0.15625,0.078125,0.0",uM,uM
9197,428,10,NCGC00386226-04,"Pralatrexate","Dihydrofolate Reductase (DHFR) Inhibitors",NCGC00346969-01,"JS-59-4","nitric oxide donors",0.006313,0.487069,"0.25,0.125,0.0625,0.03125,0.015625,0.007812400000000001,0.0039062000000000003,0.0019532,9.766E-4,0.0","20.0,10.0,5.0,2.5,1.25,0.625,0.3125,0.15625,0.078125,0.0",uM,uM
9197,429,10,NCGC00347952-11,"NSC-319726","Mutant p53 Activator",NCGC00346969-01,"JS-59-4","nitric oxide donors",0.139598,0.559119,"12.600000000000001,6.300000000000001,3.1500000000000004,1.5750000000000002,0.7875000000000001,0.39375000000000004,0.19687500000000002,0.09843760000000001,0.04921880000000001,0.0","20.0,10.0,5.0,2.5,1.25,0.625,0.3125,0.15625,0.078125,0.0",uM,uM
9197,430,10,NCGC00386226-04,"Pralatrexate","Dihydrofolate Reductase (DHFR) Inhibitors",NCGC00253438-01,"BI-2536","Polo-like Kinase-1 (Plk-1) Inhibitor",0.007867,1.365761,"0.25,0.125,0.0625,0.03125,0.015625,0.007812400000000001,0.0039062000000000003,0.0019532,9.766E-4,0.0","4.0,2.0,1.0,0.5,0.25,0.125,0.0625,0.03125,0.015625,0.0",uM,uM
9197,431,10,NCGC00345809-03,"RGB-286147","CDK1/2/3/7/9 Inhibitor",NCGC00253438-01,"BI-2536","Polo-like Kinase-1 (Plk-1) Inhibitor",0.02368,0.004164,"1.6,0.8,0.4,0.2,0.1,0.05,0.025,0.0125,0.00625,0.0","4.0,2.0,1.0,0.5,0.25,0.125,0.0625,0.03125,0.015625,0.0",uM,uM
9197,432,10,NCGC00345782-02,"GMX-1778","IKK beta Inhibitor",NCGC00253438-01,"BI-2536","Polo-like Kinase-1 (Plk-1) Inhibitor",0.009903,0.325722,"1.0,0.5,0.25,0.125,0.0625,0.03125,0.015625,0.007812400000000001,0.0039062000000000003,0.0","4.0,2.0,1.0,0.5,0.25,0.125,0.0625,0.03125,0.015625,0.0",uM,uM
9197,433,10,NCGC00346644-04,"KX-01","Src Kinase Inhibitor",NCGC00253438-01,"BI-2536","Polo-like Kinase-1 (Plk-1) Inhibitor",0.059781,0.804871,"1.4000000000000001,0.7000000000000001,0.35000000000000003,0.17500000000000002,0.08750000000000001,0.043750000000000004,0.021875000000000002,0.0109376,0.0054688,0.0","4.0,2.0,1.0,0.5,0.25,0.125,0.0625,0.03125,0.015625,0.0",uM,uM
9197,434,10,NCGC00263017-01,"CPG-52364","TLR 7, 8 and 9 Antagonist",NCGC00253438-01,"BI-2536","Polo-like Kinase-1 (Plk-1) Inhibitor",5.652058,0.020694,"20.0,10.0,5.0,2.5,1.25,0.625,0.3125,0.15625,0.078125,0.0","4.0,2.0,1.0,0.5,0.25,0.125,0.0625,0.03125,0.015625,0.0",uM,uM
9197,435,10,NCGC00346962-02,"HMSL10077","BTK Inhibitor",NCGC00253438-01,"BI-2536","Polo-like Kinase-1 (Plk-1) Inhibitor",3.615578,2.523343,"20.0,10.0,5.0,2.5,1.25,0.625,0.3125,0.15625,0.078125,0.0","4.0,2.0,1.0,0.5,0.25,0.125,0.0625,0.03125,0.015625,0.0",uM,uM
9197,436,10,NCGC00346656-03,"Dinaciclib (SCH727965)","CDK1/2/5/9 Inhibitor",NCGC00253438-01,"BI-2536","Polo-like Kinase-1 (Plk-1) Inhibitor",0.083305,3.410772,"2.5,1.25,0.625,0.3125,0.15625,0.078125,0.0390624,0.0195312,0.0097656,0.0","4.0,2.0,1.0,0.5,0.25,0.125,0.0625,0.03125,0.015625,0.0",uM,uM
9197,437,10,NCGC00263183-11,"MK-1775","Wee1 Kinase Inhibitor",NCGC00253438-01,"BI-2536","Polo-like Kinase-1 (Plk-1) Inhibitor",1.289962,0.010023,"20.0,10.0,5.0,2.5,1.25,0.625,0.3125,0.15625,0.078125,0.0","4.0,2.0,1.0,0.5,0.25,0.125,0.0625,0.03125,0.015625,0.0",uM,uM
9197,438,10,NCGC00263117-17,"Panobinostat","HDAC Inhibitor",NCGC00253438-01,"BI-2536","Polo-like Kinase-1 (Plk-1) Inhibitor",0.085817,0.004627,"20.0,10.0,5.0,2.5,1.25,0.625,0.3125,0.15625,0.078125,0.0","4.0,2.0,1.0,0.5,0.25,0.125,0.0625,0.03125,0.015625,0.0",uM,uM
9197,439,10,NCGC00346951-03,"Fascaplysin","CDK4/6 Inhibitor",NCGC00253438-01,"BI-2536","Polo-like Kinase-1 (Plk-1) Inhibitor",0.653194,0.849591,"20.0,10.0,5.0,2.5,1.25,0.625,0.3125,0.15625,0.078125,0.0","4.0,2.0,1.0,0.5,0.25,0.125,0.0625,0.03125,0.015625,0.0",uM,uM
9197,440,10,NCGC00345799-07,"Oprozomib","Proteasome Inhibitor",NCGC00253438-01,"BI-2536","Polo-like Kinase-1 (Plk-1) Inhibitor",0.05014,0.357747,"6.300000000000001,3.1500000000000004,1.5750000000000002,0.7875000000000001,0.39375000000000004,0.19687500000000002,0.09843760000000001,0.04921880000000001,0.024609400000000003,0.0","4.0,2.0,1.0,0.5,0.25,0.125,0.0625,0.03125,0.015625,0.0",uM,uM
9197,441,10,NCGC00263222-02,"CAY-10581","IDO Inhibitor",NCGC00253438-01,"BI-2536","Polo-like Kinase-1 (Plk-1) Inhibitor",1.469254,0.00798,"20.0,10.0,5.0,2.5,1.25,0.625,0.3125,0.15625,0.078125,0.0","4.0,2.0,1.0,0.5,0.25,0.125,0.0625,0.03125,0.015625,0.0",uM,uM
9197,442,10,NCGC00347952-11,"NSC-319726","Mutant p53 Activator",NCGC00253438-01,"BI-2536","Polo-like Kinase-1 (Plk-1) Inhibitor",0.418778,0.201587,"12.600000000000001,6.300000000000001,3.1500000000000004,1.5750000000000002,0.7875000000000001,0.39375000000000004,0.19687500000000002,0.09843760000000001,0.04921880000000001,0.0","4.0,2.0,1.0,0.5,0.25,0.125,0.0625,0.03125,0.015625,0.0",uM,uM
9197,443,10,NCGC00346535-01,"IVX-214","Polo-like Kinase-1 (Plk-1) Inhibitor",NCGC00253438-01,"BI-2536","Polo-like Kinase-1 (Plk-1) Inhibitor",0.784306,0.919873,"20.0,10.0,5.0,2.5,1.25,0.625,0.3125,0.15625,0.078125,0.0","4.0,2.0,1.0,0.5,0.25,0.125,0.0625,0.03125,0.015625,0.0",uM,uM
9197,444,10,NCGC00345825-01,"BMS-3","LIMK Inhibitor",NCGC00253438-01,"BI-2536","Polo-like Kinase-1 (Plk-1) Inhibitor",0.373335,0.480166,"14.0,7.0,3.5,1.75,0.875,0.4375,0.21875,0.109375,0.0546876,0.0","4.0,2.0,1.0,0.5,0.25,0.125,0.0625,0.03125,0.015625,0.0",uM,uM
9197,445,10,NCGC00345852-02,"BS-194","CDK1/2/5/9 Inhibitor",NCGC00253438-01,"BI-2536","Polo-like Kinase-1 (Plk-1) Inhibitor",1.575428,0.02526,"20.0,10.0,5.0,2.5,1.25,0.625,0.3125,0.15625,0.078125,0.0","4.0,2.0,1.0,0.5,0.25,0.125,0.0625,0.03125,0.015625,0.0",uM,uM
9197,446,10,NCGC00345823-01,"Akt-I-1,2","AKT Inhibitor",NCGC00253438-01,"BI-2536","Polo-like Kinase-1 (Plk-1) Inhibitor",6.751271,2.80556,"20.0,10.0,5.0,2.5,1.25,0.625,0.3125,0.15625,0.078125,0.0","4.0,2.0,1.0,0.5,0.25,0.125,0.0625,0.03125,0.015625,0.0",uM,uM
9197,447,10,NCGC00263087-15,"Volasertib","Polo-like Kinase-1 (Plk-1) Inhibitor",NCGC00253438-01,"BI-2536","Polo-like Kinase-1 (Plk-1) Inhibitor",0.109887,0.458581,"10.0,5.0,2.5,1.25,0.625,0.3125,0.15625,0.078125,0.0390624,0.0","4.0,2.0,1.0,0.5,0.25,0.125,0.0625,0.03125,0.015625,0.0",uM,uM
9197,448,10,NCGC00346969-01,"JS-59-4","nitric oxide donors",NCGC00253438-01,"BI-2536","Polo-like Kinase-1 (Plk-1) Inhibitor",0.478885,0.032487,"20.0,10.0,5.0,2.5,1.25,0.625,0.3125,0.15625,0.078125,0.0","4.0,2.0,1.0,0.5,0.25,0.125,0.0625,0.03125,0.015625,0.0",uM,uM
9197,449,10,NCGC00346449-01,"Parogrelil","Phosphodiesterase III/Va (PDE) Inhibitor",NCGC00253438-01,"BI-2536","Polo-like Kinase-1 (Plk-1) Inhibitor",37.67825,0.006333,"20.0,10.0,5.0,2.5,1.25,0.625,0.3125,0.15625,0.078125,0.0","4.0,2.0,1.0,0.5,0.25,0.125,0.0625,0.03125,0.015625,0.0",uM,uM
9197,450,10,NCGC00263112-06,"GSK-461364A","Polo-like Kinase-1 (Plk-1) Inhibitor",NCGC00253438-01,"BI-2536","Polo-like Kinase-1 (Plk-1) Inhibitor",0.001152,0.002049,"20.0,10.0,5.0,2.5,1.25,0.625,0.3125,0.15625,0.078125,0.0","4.0,2.0,1.0,0.5,0.25,0.125,0.0625,0.03125,0.015625,0.0",uM,uM
9197,451,10,NCGC00263110-02,"Osanetant","Tachykinin NK3 Antagonist",NCGC00253438-01,"BI-2536","Polo-like Kinase-1 (Plk-1) Inhibitor",23.668428,1.973621,"20.0,10.0,5.0,2.5,1.25,0.625,0.3125,0.15625,0.078125,0.0","4.0,2.0,1.0,0.5,0.25,0.125,0.0625,0.03125,0.015625,0.0",uM,uM
9197,452,10,NCGC00386226-04,"Pralatrexate","Dihydrofolate Reductase (DHFR) Inhibitors",NCGC00346449-01,"Parogrelil","Phosphodiesterase III/Va (PDE) Inhibitor",0.007054,32.53907,"0.25,0.125,0.0625,0.03125,0.015625,0.007812400000000001,0.0039062000000000003,0.0019532,9.766E-4,0.0","20.0,10.0,5.0,2.5,1.25,0.625,0.3125,0.15625,0.078125,0.0",uM,uM
9197,453,10,NCGC00346644-04,"KX-01","Src Kinase Inhibitor",NCGC00346449-01,"Parogrelil","Phosphodiesterase III/Va (PDE) Inhibitor",0.079123,17.574102,"1.4000000000000001,0.7000000000000001,0.35000000000000003,0.17500000000000002,0.08750000000000001,0.043750000000000004,0.021875000000000002,0.0109376,0.0054688,0.0","20.0,10.0,5.0,2.5,1.25,0.625,0.3125,0.15625,0.078125,0.0",uM,uM
9197,454,10,NCGC00346962-02,"HMSL10077","BTK Inhibitor",NCGC00346449-01,"Parogrelil","Phosphodiesterase III/Va (PDE) Inhibitor",7.8429,32.31848,"20.0,10.0,5.0,2.5,1.25,0.625,0.3125,0.15625,0.078125,0.0","20.0,10.0,5.0,2.5,1.25,0.625,0.3125,0.15625,0.078125,0.0",uM,uM
9197,455,10,NCGC00346656-03,"Dinaciclib (SCH727965)","CDK1/2/5/9 Inhibitor",NCGC00346449-01,"Parogrelil","Phosphodiesterase III/Va (PDE) Inhibitor",0.112432,23.961388,"2.5,1.25,0.625,0.3125,0.15625,0.078125,0.0390624,0.0195312,0.0097656,0.0","20.0,10.0,5.0,2.5,1.25,0.625,0.3125,0.15625,0.078125,0.0",uM,uM
9197,456,10,NCGC00346951-03,"Fascaplysin","CDK4/6 Inhibitor",NCGC00346449-01,"Parogrelil","Phosphodiesterase III/Va (PDE) Inhibitor",0.792924,10.564543,"20.0,10.0,5.0,2.5,1.25,0.625,0.3125,0.15625,0.078125,0.0","20.0,10.0,5.0,2.5,1.25,0.625,0.3125,0.15625,0.078125,0.0",uM,uM
9197,457,10,NCGC00347952-11,"NSC-319726","Mutant p53 Activator",NCGC00346449-01,"Parogrelil","Phosphodiesterase III/Va (PDE) Inhibitor",0.094155,25.311195,"12.600000000000001,6.300000000000001,3.1500000000000004,1.5750000000000002,0.7875000000000001,0.39375000000000004,0.19687500000000002,0.09843760000000001,0.04921880000000001,0.0","20.0,10.0,5.0,2.5,1.25,0.625,0.3125,0.15625,0.078125,0.0",uM,uM
9197,458,10,NCGC00346535-01,"IVX-214","Polo-like Kinase-1 (Plk-1) Inhibitor",NCGC00346449-01,"Parogrelil","Phosphodiesterase III/Va (PDE) Inhibitor",0.452652,29.303013,"20.0,10.0,5.0,2.5,1.25,0.625,0.3125,0.15625,0.078125,0.0","20.0,10.0,5.0,2.5,1.25,0.625,0.3125,0.15625,0.078125,0.0",uM,uM
9197,459,10,NCGC00346969-01,"JS-59-4","nitric oxide donors",NCGC00346449-01,"Parogrelil","Phosphodiesterase III/Va (PDE) Inhibitor",0.342905,30.358805,"20.0,10.0,5.0,2.5,1.25,0.625,0.3125,0.15625,0.078125,0.0","20.0,10.0,5.0,2.5,1.25,0.625,0.3125,0.15625,0.078125,0.0",uM,uM
9197,460,10,NCGC00386226-04,"Pralatrexate","Dihydrofolate Reductase (DHFR) Inhibitors",NCGC00263112-06,"GSK-461364A","Polo-like Kinase-1 (Plk-1) Inhibitor",0.006805,7.413383,"0.25,0.125,0.0625,0.03125,0.015625,0.007812400000000001,0.0039062000000000003,0.0019532,9.766E-4,0.0","20.0,10.0,5.0,2.5,1.25,0.625,0.3125,0.15625,0.078125,0.0",uM,uM
9197,461,10,NCGC00345809-03,"RGB-286147","CDK1/2/3/7/9 Inhibitor",NCGC00263112-06,"GSK-461364A","Polo-like Kinase-1 (Plk-1) Inhibitor",0.016974,0.009852,"1.6,0.8,0.4,0.2,0.1,0.05,0.025,0.0125,0.00625,0.0","20.0,10.0,5.0,2.5,1.25,0.625,0.3125,0.15625,0.078125,0.0",uM,uM
9197,462,10,NCGC00345782-02,"GMX-1778","IKK beta Inhibitor",NCGC00263112-06,"GSK-461364A","Polo-like Kinase-1 (Plk-1) Inhibitor",0.009229,0.129257,"1.0,0.5,0.25,0.125,0.0625,0.03125,0.015625,0.007812400000000001,0.0039062000000000003,0.0","20.0,10.0,5.0,2.5,1.25,0.625,0.3125,0.15625,0.078125,0.0",uM,uM
9197,463,10,NCGC00346644-04,"KX-01","Src Kinase Inhibitor",NCGC00263112-06,"GSK-461364A","Polo-like Kinase-1 (Plk-1) Inhibitor",0.062013,1.426121,"1.4000000000000001,0.7000000000000001,0.35000000000000003,0.17500000000000002,0.08750000000000001,0.043750000000000004,0.021875000000000002,0.0109376,0.0054688,0.0","20.0,10.0,5.0,2.5,1.25,0.625,0.3125,0.15625,0.078125,0.0",uM,uM
9197,464,10,NCGC00346962-02,"HMSL10077","BTK Inhibitor",NCGC00263112-06,"GSK-461364A","Polo-like Kinase-1 (Plk-1) Inhibitor",58.912735,0.905555,"20.0,10.0,5.0,2.5,1.25,0.625,0.3125,0.15625,0.078125,0.0","20.0,10.0,5.0,2.5,1.25,0.625,0.3125,0.15625,0.078125,0.0",uM,uM
9197,465,10,NCGC00346656-03,"Dinaciclib (SCH727965)","CDK1/2/5/9 Inhibitor",NCGC00263112-06,"GSK-461364A","Polo-like Kinase-1 (Plk-1) Inhibitor",0.128623,7.095723,"2.5,1.25,0.625,0.3125,0.15625,0.078125,0.0390624,0.0195312,0.0097656,0.0","20.0,10.0,5.0,2.5,1.25,0.625,0.3125,0.15625,0.078125,0.0",uM,uM
9197,466,10,NCGC00263183-11,"MK-1775","Wee1 Kinase Inhibitor",NCGC00263112-06,"GSK-461364A","Polo-like Kinase-1 (Plk-1) Inhibitor",1.423174,0.566455,"20.0,10.0,5.0,2.5,1.25,0.625,0.3125,0.15625,0.078125,0.0","20.0,10.0,5.0,2.5,1.25,0.625,0.3125,0.15625,0.078125,0.0",uM,uM
9197,467,10,NCGC00263117-17,"Panobinostat","HDAC Inhibitor",NCGC00263112-06,"GSK-461364A","Polo-like Kinase-1 (Plk-1) Inhibitor",0.20783,0.0,"20.0,10.0,5.0,2.5,1.25,0.625,0.3125,0.15625,0.078125,0.0","20.0,10.0,5.0,2.5,1.25,0.625,0.3125,0.15625,0.078125,0.0",uM,uM
9197,468,10,NCGC00346951-03,"Fascaplysin","CDK4/6 Inhibitor",NCGC00263112-06,"GSK-461364A","Polo-like Kinase-1 (Plk-1) Inhibitor",0.748955,0.393216,"20.0,10.0,5.0,2.5,1.25,0.625,0.3125,0.15625,0.078125,0.0","20.0,10.0,5.0,2.5,1.25,0.625,0.3125,0.15625,0.078125,0.0",uM,uM
9197,469,10,NCGC00345799-07,"Oprozomib","Proteasome Inhibitor",NCGC00263112-06,"GSK-461364A","Polo-like Kinase-1 (Plk-1) Inhibitor",0.055621,1.84072,"6.300000000000001,3.1500000000000004,1.5750000000000002,0.7875000000000001,0.39375000000000004,0.19687500000000002,0.09843760000000001,0.04921880000000001,0.024609400000000003,0.0","20.0,10.0,5.0,2.5,1.25,0.625,0.3125,0.15625,0.078125,0.0",uM,uM
9197,470,10,NCGC00263222-02,"CAY-10581","IDO Inhibitor",NCGC00263112-06,"GSK-461364A","Polo-like Kinase-1 (Plk-1) Inhibitor",1.54212,13.734389,"20.0,10.0,5.0,2.5,1.25,0.625,0.3125,0.15625,0.078125,0.0","20.0,10.0,5.0,2.5,1.25,0.625,0.3125,0.15625,0.078125,0.0",uM,uM
9197,471,10,NCGC00347952-11,"NSC-319726","Mutant p53 Activator",NCGC00263112-06,"GSK-461364A","Polo-like Kinase-1 (Plk-1) Inhibitor",0.087485,6.674857,"12.600000000000001,6.300000000000001,3.1500000000000004,1.5750000000000002,0.7875000000000001,0.39375000000000004,0.19687500000000002,0.09843760000000001,0.04921880000000001,0.0","20.0,10.0,5.0,2.5,1.25,0.625,0.3125,0.15625,0.078125,0.0",uM,uM
9197,472,10,NCGC00346535-01,"IVX-214","Polo-like Kinase-1 (Plk-1) Inhibitor",NCGC00263112-06,"GSK-461364A","Polo-like Kinase-1 (Plk-1) Inhibitor",0.422834,0.505473,"20.0,10.0,5.0,2.5,1.25,0.625,0.3125,0.15625,0.078125,0.0","20.0,10.0,5.0,2.5,1.25,0.625,0.3125,0.15625,0.078125,0.0",uM,uM
9197,473,10,NCGC00345825-01,"BMS-3","LIMK Inhibitor",NCGC00263112-06,"GSK-461364A","Polo-like Kinase-1 (Plk-1) Inhibitor",0.234482,3.676021,"14.0,7.0,3.5,1.75,0.875,0.4375,0.21875,0.109375,0.0546876,0.0","20.0,10.0,5.0,2.5,1.25,0.625,0.3125,0.15625,0.078125,0.0",uM,uM
9197,474,10,NCGC00345852-02,"BS-194","CDK1/2/5/9 Inhibitor",NCGC00263112-06,"GSK-461364A","Polo-like Kinase-1 (Plk-1) Inhibitor",1.947127,0.006331,"20.0,10.0,5.0,2.5,1.25,0.625,0.3125,0.15625,0.078125,0.0","20.0,10.0,5.0,2.5,1.25,0.625,0.3125,0.15625,0.078125,0.0",uM,uM
9197,475,10,NCGC00345823-01,"Akt-I-1,2","AKT Inhibitor",NCGC00263112-06,"GSK-461364A","Polo-like Kinase-1 (Plk-1) Inhibitor",0.121862,0.434893,"20.0,10.0,5.0,2.5,1.25,0.625,0.3125,0.15625,0.078125,0.0","20.0,10.0,5.0,2.5,1.25,0.625,0.3125,0.15625,0.078125,0.0",uM,uM
9197,476,10,NCGC00346969-01,"JS-59-4","nitric oxide donors",NCGC00263112-06,"GSK-461364A","Polo-like Kinase-1 (Plk-1) Inhibitor",0.431335,0.130151,"20.0,10.0,5.0,2.5,1.25,0.625,0.3125,0.15625,0.078125,0.0","20.0,10.0,5.0,2.5,1.25,0.625,0.3125,0.15625,0.078125,0.0",uM,uM
9197,477,10,NCGC00346449-01,"Parogrelil","Phosphodiesterase III/Va (PDE) Inhibitor",NCGC00263112-06,"GSK-461364A","Polo-like Kinase-1 (Plk-1) Inhibitor",22.942833,2.946719,"20.0,10.0,5.0,2.5,1.25,0.625,0.3125,0.15625,0.078125,0.0","20.0,10.0,5.0,2.5,1.25,0.625,0.3125,0.15625,0.078125,0.0",uM,uM
9197,478,10,NCGC00386226-04,"Pralatrexate","Dihydrofolate Reductase (DHFR) Inhibitors",NCGC00263110-02,"Osanetant","Tachykinin NK3 Antagonist",0.008209,21.836876,"0.25,0.125,0.0625,0.03125,0.015625,0.007812400000000001,0.0039062000000000003,0.0019532,9.766E-4,0.0","20.0,10.0,5.0,2.5,1.25,0.625,0.3125,0.15625,0.078125,0.0",uM,uM
9197,479,10,NCGC00345809-03,"RGB-286147","CDK1/2/3/7/9 Inhibitor",NCGC00263110-02,"Osanetant","Tachykinin NK3 Antagonist",0.022935,21.25031,"1.6,0.8,0.4,0.2,0.1,0.05,0.025,0.0125,0.00625,0.0","20.0,10.0,5.0,2.5,1.25,0.625,0.3125,0.15625,0.078125,0.0",uM,uM
9197,480,10,NCGC00345782-02,"GMX-1778","IKK beta Inhibitor",NCGC00263110-02,"Osanetant","Tachykinin NK3 Antagonist",0.009951,20.904161,"1.0,0.5,0.25,0.125,0.0625,0.03125,0.015625,0.007812400000000001,0.0039062000000000003,0.0","20.0,10.0,5.0,2.5,1.25,0.625,0.3125,0.15625,0.078125,0.0",uM,uM
9197,481,10,NCGC00346644-04,"KX-01","Src Kinase Inhibitor",NCGC00263110-02,"Osanetant","Tachykinin NK3 Antagonist",0.059633,22.55449,"1.4000000000000001,0.7000000000000001,0.35000000000000003,0.17500000000000002,0.08750000000000001,0.043750000000000004,0.021875000000000002,0.0109376,0.0054688,0.0","20.0,10.0,5.0,2.5,1.25,0.625,0.3125,0.15625,0.078125,0.0",uM,uM
9197,482,10,NCGC00346962-02,"HMSL10077","BTK Inhibitor",NCGC00263110-02,"Osanetant","Tachykinin NK3 Antagonist",4.883142,23.691446,"20.0,10.0,5.0,2.5,1.25,0.625,0.3125,0.15625,0.078125,0.0","20.0,10.0,5.0,2.5,1.25,0.625,0.3125,0.15625,0.078125,0.0",uM,uM
9197,483,10,NCGC00346656-03,"Dinaciclib (SCH727965)","CDK1/2/5/9 Inhibitor",NCGC00263110-02,"Osanetant","Tachykinin NK3 Antagonist",0.087008,22.542097,"2.5,1.25,0.625,0.3125,0.15625,0.078125,0.0390624,0.0195312,0.0097656,0.0","20.0,10.0,5.0,2.5,1.25,0.625,0.3125,0.15625,0.078125,0.0",uM,uM
9197,484,10,NCGC00263183-11,"MK-1775","Wee1 Kinase Inhibitor",NCGC00263110-02,"Osanetant","Tachykinin NK3 Antagonist",0.890322,22.459276,"20.0,10.0,5.0,2.5,1.25,0.625,0.3125,0.15625,0.078125,0.0","20.0,10.0,5.0,2.5,1.25,0.625,0.3125,0.15625,0.078125,0.0",uM,uM
9197,485,10,NCGC00263117-17,"Panobinostat","HDAC Inhibitor",NCGC00263110-02,"Osanetant","Tachykinin NK3 Antagonist",0.089945,15.753045,"20.0,10.0,5.0,2.5,1.25,0.625,0.3125,0.15625,0.078125,0.0","20.0,10.0,5.0,2.5,1.25,0.625,0.3125,0.15625,0.078125,0.0",uM,uM
9197,486,10,NCGC00346951-03,"Fascaplysin","CDK4/6 Inhibitor",NCGC00263110-02,"Osanetant","Tachykinin NK3 Antagonist",0.692861,22.382416,"20.0,10.0,5.0,2.5,1.25,0.625,0.3125,0.15625,0.078125,0.0","20.0,10.0,5.0,2.5,1.25,0.625,0.3125,0.15625,0.078125,0.0",uM,uM
9197,487,10,NCGC00345799-07,"Oprozomib","Proteasome Inhibitor",NCGC00263110-02,"Osanetant","Tachykinin NK3 Antagonist",0.059755,22.90823,"6.300000000000001,3.1500000000000004,1.5750000000000002,0.7875000000000001,0.39375000000000004,0.19687500000000002,0.09843760000000001,0.04921880000000001,0.024609400000000003,0.0","20.0,10.0,5.0,2.5,1.25,0.625,0.3125,0.15625,0.078125,0.0",uM,uM
9197,488,10,NCGC00263222-02,"CAY-10581","IDO Inhibitor",NCGC00263110-02,"Osanetant","Tachykinin NK3 Antagonist",1.773085,22.590488,"20.0,10.0,5.0,2.5,1.25,0.625,0.3125,0.15625,0.078125,0.0","20.0,10.0,5.0,2.5,1.25,0.625,0.3125,0.15625,0.078125,0.0",uM,uM
9197,489,10,NCGC00347952-11,"NSC-319726","Mutant p53 Activator",NCGC00263110-02,"Osanetant","Tachykinin NK3 Antagonist",0.163138,19.499548,"12.600000000000001,6.300000000000001,3.1500000000000004,1.5750000000000002,0.7875000000000001,0.39375000000000004,0.19687500000000002,0.09843760000000001,0.04921880000000001,0.0","20.0,10.0,5.0,2.5,1.25,0.625,0.3125,0.15625,0.078125,0.0",uM,uM
9197,490,10,NCGC00346535-01,"IVX-214","Polo-like Kinase-1 (Plk-1) Inhibitor",NCGC00263110-02,"Osanetant","Tachykinin NK3 Antagonist",0.859968,21.568134,"20.0,10.0,5.0,2.5,1.25,0.625,0.3125,0.15625,0.078125,0.0","20.0,10.0,5.0,2.5,1.25,0.625,0.3125,0.15625,0.078125,0.0",uM,uM
9197,491,10,NCGC00345825-01,"BMS-3","LIMK Inhibitor",NCGC00263110-02,"Osanetant","Tachykinin NK3 Antagonist",0.333204,21.267994,"14.0,7.0,3.5,1.75,0.875,0.4375,0.21875,0.109375,0.0546876,0.0","20.0,10.0,5.0,2.5,1.25,0.625,0.3125,0.15625,0.078125,0.0",uM,uM
9197,492,10,NCGC00345852-02,"BS-194","CDK1/2/5/9 Inhibitor",NCGC00263110-02,"Osanetant","Tachykinin NK3 Antagonist",2.098239,21.847,"20.0,10.0,5.0,2.5,1.25,0.625,0.3125,0.15625,0.078125,0.0","20.0,10.0,5.0,2.5,1.25,0.625,0.3125,0.15625,0.078125,0.0",uM,uM
9197,493,10,NCGC00345823-01,"Akt-I-1,2","AKT Inhibitor",NCGC00263110-02,"Osanetant","Tachykinin NK3 Antagonist",14.063624,23.173538,"20.0,10.0,5.0,2.5,1.25,0.625,0.3125,0.15625,0.078125,0.0","20.0,10.0,5.0,2.5,1.25,0.625,0.3125,0.15625,0.078125,0.0",uM,uM
9197,494,10,NCGC00346969-01,"JS-59-4","nitric oxide donors",NCGC00263110-02,"Osanetant","Tachykinin NK3 Antagonist",0.521355,24.405416,"20.0,10.0,5.0,2.5,1.25,0.625,0.3125,0.15625,0.078125,0.0","20.0,10.0,5.0,2.5,1.25,0.625,0.3125,0.15625,0.078125,0.0",uM,uM
9197,495,10,NCGC00346449-01,"Parogrelil","Phosphodiesterase III/Va (PDE) Inhibitor",NCGC00263110-02,"Osanetant","Tachykinin NK3 Antagonist",19.472782,26.709482,"20.0,10.0,5.0,2.5,1.25,0.625,0.3125,0.15625,0.078125,0.0","20.0,10.0,5.0,2.5,1.25,0.625,0.3125,0.15625,0.078125,0.0",uM,uM
9197,496,10,NCGC00263112-06,"GSK-461364A","Polo-like Kinase-1 (Plk-1) Inhibitor",NCGC00263110-02,"Osanetant","Tachykinin NK3 Antagonist",5.314776,22.101557,"20.0,10.0,5.0,2.5,1.25,0.625,0.3125,0.15625,0.078125,0.0","20.0,10.0,5.0,2.5,1.25,0.625,0.3125,0.15625,0.078125,0.0",uM,uM
